date,last,open,max,min,var
01.08.2017,17.5735,17.6000,17.6205,17.5500,-0.41%
31.07.2017,17.6450,17.6700,17.7050,17.6100,-0.86%
28.07.2017,17.7987,17.6200,17.8012,17.6200,0.93%
27.07.2017,17.6350,17.4800,17.6350,17.4800,0.76%
26.07.2017,17.5025,17.4700,17.5465,17.4300,0.20%
25.07.2017,17.4680,17.4200,17.4860,17.3000,0.17%
24.07.2017,17.4390,17.4000,17.6620,17.4000,0.20%
21.07.2017,17.4050,17.1900,17.4450,17.1800,1.17%
20.07.2017,17.2035,17.1300,17.2405,17.0600,0.35%
19.07.2017,17.1440,17.2700,17.3900,17.1000,0.32%
18.07.2017,17.0890,16.9010,17.1010,16.9000,1.01%
17.07.2017,16.9175,16.8400,16.9345,16.8300,0.43%
14.07.2017,16.8450,16.9310,16.9500,16.8100,-0.62%
13.07.2017,16.9500,16.9450,17.0025,16.9200,-0.05%
12.07.2017,16.9590,16.9830,17.0350,16.9240,-0.23%
11.07.2017,16.9980,16.9500,17.0350,16.9000,0.06%
10.07.2017,16.9885,16.9700,17.0575,16.9000,0.14%
07.07.2017,16.9650,17.0000,17.0340,16.9000,-0.71%
06.07.2017,17.0870,17.1600,17.2690,17.0600,-0.31%
05.07.2017,17.1400,16.9200,17.1400,16.8900,1.48%
04.07.2017,16.8900,16.8000,16.8900,16.8000,0.24%
03.07.2017,16.8500,16.7550,16.8500,16.7300,1.37%
30.06.2017,16.6220,16.4800,16.6610,16.4700,0.80%
29.06.2017,16.4900,16.3870,16.5240,16.3800,0.48%
28.06.2017,16.4110,16.3950,16.4640,16.3300,0.13%
27.06.2017,16.3905,16.2900,16.4455,16.2900,0.52%
26.06.2017,16.3065,16.1750,16.3195,16.1700,0.79%
23.06.2017,16.1780,16.1290,16.1940,16.0900,0.19%
22.06.2017,16.1475,16.2100,16.2285,16.1230,-0.46%
21.06.2017,16.2225,16.1350,16.4775,16.1350,0.49%
20.06.2017,16.1435,16.1200,16.1705,16.1100,0.03%
19.06.2017,16.1385,16.0200,16.1755,16.0100,0.71%
16.06.2017,16.0250,15.9100,16.0520,15.9100,0.36%
15.06.2017,15.9680,15.8500,15.9910,15.8500,0.40%
14.06.2017,15.9040,15.8600,15.9360,15.8200,0.13%
13.06.2017,15.8840,15.9200,15.9380,15.8660,-0.21%
12.06.2017,15.9180,15.9100,15.9590,15.8780,0.02%
09.06.2017,15.9150,15.9000,15.9250,15.8675,-0.13%
08.06.2017,15.9355,15.9800,16.0275,15.9050,-0.35%
07.06.2017,15.9920,16.0075,16.0330,15.9740,-0.14%
06.06.2017,16.0150,15.9900,16.0160,15.9600,-0.09%
05.06.2017,16.0295,16.0040,16.1065,15.9780,-0.06%
02.06.2017,16.0385,16.0360,16.0795,16.0000,-0.08%
01.06.2017,16.0515,16.0770,16.1155,15.9900,-0.26%
31.05.2017,16.0940,16.1400,16.1870,16.0770,-0.47%
30.05.2017,16.1700,16.0100,16.1700,16.0000,1.19%
29.05.2017,15.9800,16.0000,16.0300,15.9500,-0.17%
26.05.2017,16.0080,16.0800,16.0870,16.0000,-0.46%
25.05.2017,16.0820,16.0800,16.0950,16.0670,-0.03%
24.05.2017,16.0875,16.0860,16.1445,16.0500,-0.02%
23.05.2017,16.0910,16.1750,16.1900,16.0000,-0.51%
22.05.2017,16.1740,15.9940,16.1915,15.9800,0.98%
19.05.2017,16.0170,15.8500,16.0230,15.8500,0.03%
18.05.2017,16.0120,15.5940,16.0720,15.5880,2.54%
17.05.2017,15.6150,15.5650,15.6350,15.5600,0.26%
16.05.2017,15.5750,15.5400,15.6460,15.5400,0.30%
15.05.2017,15.5288,15.4300,15.5312,15.4300,0.61%
12.05.2017,15.4350,15.4100,15.4450,15.3900,-0.06%
11.05.2017,15.4450,15.5000,15.5050,15.4200,-0.42%
10.05.2017,15.5100,15.5000,15.5700,15.5000,-0.04%
09.05.2017,15.5155,15.4600,15.6245,15.4600,0.26%
08.05.2017,15.4745,15.3650,15.4745,15.3500,0.78%
05.05.2017,15.3550,15.2700,15.3960,15.2700,0.07%
04.05.2017,15.3450,15.2660,15.4500,15.2500,0.43%
03.05.2017,15.2795,15.2800,15.3085,15.2200,-0.04%
02.05.2017,15.2850,15.3200,15.3960,15.2500,-0.65%
01.05.2017,15.3850,15.3750,15.3850,15.3750,-0.02%
28.04.2017,15.3885,15.4000,15.4535,15.3700,-0.11%
27.04.2017,15.4050,15.4400,15.4710,15.3750,-0.50%
26.04.2017,15.4825,15.4100,15.5025,15.3900,0.42%
25.04.2017,15.4175,15.3900,15.4345,15.3600,0.18%
24.04.2017,15.3905,15.4500,15.4665,15.3740,-0.55%
21.04.2017,15.4750,15.3760,15.4750,15.3500,0.56%
20.04.2017,15.3895,15.3800,15.4235,15.3500,-0.00%
19.04.2017,15.3900,15.4500,15.5150,15.3000,0.69%
18.04.2017,15.2840,15.1950,15.3280,15.1800,0.58%
17.04.2017,15.1965,15.1400,15.2505,15.1400,0.34%
14.04.2017,15.1450,15.1400,15.1510,15.1400,-0.10%
13.04.2017,15.1605,15.1600,15.1745,15.1460,-0.21%
12.04.2017,15.1930,15.1100,15.2580,15.1050,-0.39%
11.04.2017,15.2525,15.2000,15.2835,15.1500,0.28%
10.04.2017,15.2100,15.3230,15.3800,15.1500,-0.87%
07.04.2017,15.3435,15.4100,15.4305,15.3230,-0.43%
06.04.2017,15.4095,15.3900,15.4245,15.3300,0.09%
05.04.2017,15.3950,15.3900,15.3950,15.3000,0.13%
04.04.2017,15.3755,15.3700,15.4205,15.3450,-0.09%
03.04.2017,15.3890,15.3670,15.4620,15.3670,0.06%
31.03.2017,15.3805,15.3700,15.4335,15.3500,-0.27%
30.03.2017,15.4215,15.4100,15.4515,15.3500,-0.05%
29.03.2017,15.4290,15.5000,15.5170,15.4120,-1.00%
28.03.2017,15.5855,15.5950,15.6475,15.5100,-0.09%
27.03.2017,15.5995,15.5950,15.6705,15.5600,-0.00%
24.03.2017,15.6000,15.5950,15.6100,15.5900,-0.04%
23.03.2017,15.6065,15.6000,15.6655,15.5500,-0.12%
22.03.2017,15.6250,15.6140,15.6550,15.5650,0.18%
21.03.2017,15.5975,15.6000,15.6575,15.5800,-0.20%
20.03.2017,15.6290,15.5500,15.7160,15.5500,0.46%
17.03.2017,15.5575,15.4900,15.5625,15.4700,0.05%
16.03.2017,15.5500,15.5500,15.5880,15.4500,-0.09%
15.03.2017,15.5640,15.5400,15.5800,15.5100,0.17%
14.03.2017,15.5375,15.5100,15.5575,15.5000,0.04%
13.03.2017,15.5315,15.4550,15.5575,15.4500,0.40%
10.03.2017,15.4695,15.5000,15.5195,15.4000,-0.43%
09.03.2017,15.5360,15.6200,15.6730,15.5100,-0.66%
08.03.2017,15.6390,15.5500,15.6620,15.5100,0.46%
07.03.2017,15.5670,15.4600,15.5850,15.4600,0.62%
06.03.2017,15.4705,15.4300,15.4885,15.4000,0.23%
03.03.2017,15.4350,15.4000,15.4800,15.3500,0.19%
02.03.2017,15.4050,15.4000,15.4150,15.3000,-0.29%
01.03.2017,15.4500,15.4600,15.5800,15.4000,-0.16%
28.02.2017,15.4750,15.4700,15.4750,15.4700,0.00%
27.02.2017,15.4750,15.4700,15.4750,15.4600,0.00%
24.02.2017,15.4750,15.4990,15.5050,15.4000,-0.19%
23.02.2017,15.5050,15.5400,15.6050,15.4900,-0.49%
22.02.2017,15.5810,15.5800,15.6230,15.4700,-0.09%
21.02.2017,15.5950,15.6500,15.7250,15.5500,-0.61%
20.02.2017,15.6900,15.6700,15.7100,15.6500,0.22%
17.02.2017,15.6550,15.4000,15.6850,15.4000,1.51%
16.02.2017,15.4225,15.3300,15.4225,15.3200,0.36%
15.02.2017,15.3670,15.4200,15.5020,15.3500,-0.71%
14.02.2017,15.4775,15.4700,15.5545,15.4000,-0.03%
13.02.2017,15.4825,15.5120,15.5655,15.4500,-0.28%
10.02.2017,15.5255,15.5900,15.6035,15.4500,-0.80%
09.02.2017,15.6500,15.6500,15.6850,15.5950,-0.13%
08.02.2017,15.6700,15.6500,15.7450,15.6500,-0.04%
07.02.2017,15.6755,15.7700,15.7885,15.6200,-0.58%
06.02.2017,15.7675,15.6100,15.7865,15.5700,0.98%
03.02.2017,15.6150,15.6700,15.6800,15.5500,-0.38%
02.02.2017,15.6750,15.7800,15.8050,15.6500,-0.76%
01.02.2017,15.7950,15.8900,15.8960,15.7820,-0.65%
31.01.2017,15.8985,15.9010,15.9215,15.8700,0.05%
30.01.2017,15.8905,15.8800,15.9735,15.8770,0.03%
27.01.2017,15.8850,15.9175,15.9250,15.8500,-0.39%
26.01.2017,15.9465,15.9000,15.9795,15.9000,-0.04%
25.01.2017,15.9525,15.9100,15.9665,15.8500,0.15%
24.01.2017,15.9285,15.9000,15.9835,15.9000,-0.05%
23.01.2017,15.9365,15.9000,15.9635,15.8400,0.20%
20.01.2017,15.9050,15.8600,15.9250,15.8200,0.03%
19.01.2017,15.9005,15.9600,15.9955,15.9000,-0.45%
18.01.2017,15.9720,15.8840,16.0000,15.8400,0.42%
17.01.2017,15.9050,15.8500,15.9070,15.8000,0.19%
16.01.2017,15.8750,15.8300,15.9210,15.8300,0.19%
13.01.2017,15.8450,15.8000,15.8750,15.8000,0.20%
12.01.2017,15.8130,15.8300,15.8770,15.7800,-0.20%
11.01.2017,15.8450,15.8300,15.8940,15.8000,-0.01%
10.01.2017,15.8460,15.8200,15.8950,15.8000,-0.24%
09.01.2017,15.8840,15.7900,15.9000,15.7000,0.47%
06.01.2017,15.8100,15.9100,15.9600,15.7800,-0.93%
05.01.2017,15.9585,16.0400,16.0645,15.9100,-0.73%
04.01.2017,16.0765,15.9000,16.1405,15.9000,0.86%
03.01.2017,15.9400,15.9350,15.9550,15.8100,0.00%
02.01.2017,15.9400,15.8750,15.9400,15.8750,0.45%
30.12.2016,15.8680,15.8600,15.9290,15.7300,-0.30%
29.12.2016,15.9150,15.6500,15.9425,15.6500,1.30%
28.12.2016,15.7100,15.5000,15.7100,15.4500,1.06%
27.12.2016,15.5450,15.4510,15.5800,15.4500,-0.08%
26.12.2016,15.5575,15.4800,15.5625,15.4500,0.47%
23.12.2016,15.4850,15.7000,15.7250,15.4500,-1.49%
22.12.2016,15.7200,15.7700,15.8000,15.7100,-0.41%
21.12.2016,15.7850,15.8500,15.9350,15.7800,-0.52%
20.12.2016,15.8680,15.8000,15.8690,15.7810,0.00%
19.12.2016,15.8680,15.8540,15.9140,15.7500,0.00%
16.12.2016,15.8680,15.9700,16.0140,15.8540,-0.56%
15.12.2016,15.9575,15.9500,16.0675,15.9500,-0.06%
14.12.2016,15.9670,15.9650,15.9720,15.8000,0.00%
13.12.2016,15.9663,16.0000,16.0512,15.9000,-0.37%
12.12.2016,16.0250,15.9800,16.0940,15.9600,0.25%
09.12.2016,15.9850,15.9800,15.9850,15.9700,-0.06%
08.12.2016,15.9950,15.9950,16.0000,15.9900,-0.02%
07.12.2016,15.9975,15.9000,15.9975,15.8600,0.52%
06.12.2016,15.9150,15.8500,15.9190,15.8250,0.30%
05.12.2016,15.8680,15.9200,16.0040,15.8540,-0.42%
02.12.2016,15.9350,15.8100,15.9350,15.7500,0.82%
01.12.2016,15.8050,15.8000,15.9250,15.7500,-0.39%
30.11.2016,15.8665,15.6800,15.9545,15.6800,1.13%
29.11.2016,15.6895,15.4900,15.7065,15.4900,1.26%
28.11.2016,15.4950,15.5400,15.5450,15.4900,-0.32%
25.11.2016,15.5450,15.5000,15.5550,15.5000,0.11%
24.11.2016,15.5275,15.5200,15.5475,15.5050,-0.12%
23.11.2016,15.5463,15.4200,15.5838,15.4200,0.73%
22.11.2016,15.4340,15.3500,15.4680,15.3500,0.32%
21.11.2016,15.3850,15.4560,15.4850,15.3500,-0.69%
18.11.2016,15.4920,15.4750,15.5260,15.4560,-0.06%
17.11.2016,15.5015,15.4700,15.5325,15.4200,0.03%
16.11.2016,15.4975,15.5600,15.6125,15.4500,0.08%
15.11.2016,15.4850,15.5900,15.6350,15.4500,-0.69%
14.11.2016,15.5920,15.3300,15.6700,15.3300,1.91%
11.11.2016,15.3000,15.0300,15.3000,15.0300,1.74%
10.11.2016,15.0385,14.9500,15.1755,14.9000,0.67%
09.11.2016,14.9385,15.0700,15.1325,14.8100,-0.05%
08.11.2016,14.9460,15.0000,15.0530,14.9000,-0.90%
07.11.2016,15.0820,15.0750,15.0970,14.9900,-0.04%
04.11.2016,15.0885,15.1000,15.1185,15.0000,0.11%
03.11.2016,15.0720,15.1100,15.1700,15.0500,-0.27%
02.11.2016,15.1135,15.0500,15.1235,14.9800,0.28%
01.11.2016,15.0720,15.1500,15.1700,15.0000,-0.61%
31.10.2016,15.1650,15.1700,15.2050,15.1340,-0.12%
28.10.2016,15.1835,15.1500,15.2285,15.1500,0.07%
27.10.2016,15.1725,15.1870,15.2025,15.1600,-0.18%
26.10.2016,15.2005,15.2100,15.2435,15.1870,-0.16%
25.10.2016,15.2255,15.1460,15.2385,15.1300,0.41%
24.10.2016,15.1640,15.1400,15.1860,15.0800,-0.04%
21.10.2016,15.1705,15.1700,15.2005,15.1000,-0.09%
20.10.2016,15.1835,15.2000,15.2135,15.1400,0.06%
19.10.2016,15.1750,15.2000,15.2220,15.1700,-0.15%
18.10.2016,15.1985,15.2000,15.2265,15.1400,-0.00%
17.10.2016,15.1988,15.1500,15.2512,15.1500,0.20%
14.10.2016,15.1685,15.1100,15.1835,15.0600,0.28%
13.10.2016,15.1260,15.0300,15.1710,15.0300,0.38%
12.10.2016,15.0685,15.1300,15.1935,15.0000,-0.76%
11.10.2016,15.1845,15.1500,15.2215,15.1500,-0.04%
10.10.2016,15.1900,15.1800,15.1900,15.1800,0.00%
07.10.2016,15.1900,15.1700,15.2320,15.1700,-0.14%
06.10.2016,15.2115,15.1900,15.2645,15.1700,0.16%
05.10.2016,15.1875,15.1700,15.2005,15.1000,0.17%
04.10.2016,15.1615,15.1600,15.2035,15.1480,-0.22%
03.10.2016,15.1950,15.2100,15.2950,15.1500,-1.07%
30.09.2016,15.3595,15.3500,15.3645,15.1800,-0.02%
29.09.2016,15.3625,15.3500,15.4425,15.3000,0.05%
28.09.2016,15.3550,15.2100,15.3650,15.2100,0.50%
27.09.2016,15.2780,15.2300,15.2960,15.2300,0.33%
26.09.2016,15.2285,15.1450,15.2535,15.1450,0.53%
23.09.2016,15.1475,15.1450,15.1675,15.1300,-0.08%
22.09.2016,15.1595,15.1300,15.1945,15.1200,0.10%
21.09.2016,15.1445,15.1400,15.1635,15.1100,0.05%
20.09.2016,15.1365,15.1300,15.1935,15.1200,-0.07%
19.09.2016,15.1475,15.1140,15.1875,15.0750,0.13%
16.09.2016,15.1275,15.0600,15.1435,15.0300,0.44%
15.09.2016,15.0605,14.9600,15.0845,14.9600,0.24%
14.09.2016,15.0240,14.9700,15.0800,14.9700,0.23%
13.09.2016,14.9895,14.9000,15.0035,14.8600,0.41%
12.09.2016,14.9285,14.9700,15.0360,14.9000,-0.31%
09.09.2016,14.9750,15.0500,15.0750,14.9700,-0.58%
08.09.2016,15.0625,15.0200,15.0885,15.0200,0.12%
07.09.2016,15.0440,15.0150,15.0590,15.0020,0.18%
06.09.2016,15.0165,14.9800,15.0670,14.9700,0.14%
05.09.2016,14.9950,14.9500,14.9950,14.9500,0.08%
02.09.2016,14.9825,14.8990,14.9825,14.8500,0.43%
01.09.2016,14.9190,14.9175,14.9375,14.8300,-0.05%
31.08.2016,14.9262,14.9500,14.9587,14.8500,-0.60%
30.08.2016,15.0160,15.0820,15.1555,14.9975,-0.54%
29.08.2016,15.0975,14.9810,15.1230,14.9500,0.69%
26.08.2016,14.9945,14.8900,15.0085,14.8900,0.95%
25.08.2016,14.8530,14.8575,14.9140,14.8390,0.00%
24.08.2016,14.8530,14.8400,14.9090,14.8180,0.14%
23.08.2016,14.8325,14.7800,14.8595,14.7800,0.01%
22.08.2016,14.8315,14.9100,14.9360,14.8100,-0.59%
19.08.2016,14.9200,14.9000,14.9730,14.8400,0.00%
18.08.2016,14.9195,14.7500,14.9415,14.7300,0.96%
17.08.2016,14.7780,14.6650,14.7940,14.6650,0.71%
16.08.2016,14.6735,14.6500,14.6975,14.6200,0.03%
15.08.2016,14.6690,14.6500,14.6740,14.6500,0.01%
12.08.2016,14.6675,14.6550,14.6675,14.6000,-0.02%
11.08.2016,14.6700,14.6300,14.7100,14.6100,0.02%
10.08.2016,14.6665,14.7700,14.7855,14.6510,-0.75%
09.08.2016,14.7780,14.7000,14.8530,14.6500,0.84%
08.08.2016,14.6550,14.7900,14.8150,14.6500,-0.98%
05.08.2016,14.8000,14.8000,14.8700,14.7500,-0.30%
04.08.2016,14.8450,14.8700,14.9060,14.8300,-0.60%
03.08.2016,14.9350,14.8450,14.9650,14.8150,0.55%
02.08.2016,14.8530,14.9100,14.9410,14.8150,-0.72%
01.08.2016,14.9600,14.9880,15.0440,14.8900,-0.27%
29.07.2016,15.0010,15.0375,15.0780,14.9800,-0.22%
28.07.2016,15.0335,14.9800,15.0525,14.9800,0.26%
27.07.2016,14.9950,14.9340,15.0150,14.9340,0.31%
26.07.2016,14.9480,14.9500,15.0340,14.8900,0.00%
25.07.2016,14.9480,14.8910,14.9710,14.8700,0.30%
22.07.2016,14.9035,14.9800,15.0275,14.8500,-0.65%
21.07.2016,15.0005,15.0500,15.0875,14.9830,-0.43%
20.07.2016,15.0660,15.0000,15.0690,14.9000,0.44%
19.07.2016,15.0000,15.1500,15.3100,14.9500,-0.98%
18.07.2016,15.1485,14.8800,15.1805,14.8800,1.45%
15.07.2016,14.9320,14.7130,15.0210,14.7000,1.41%
14.07.2016,14.7245,14.5675,14.7615,14.5500,1.07%
13.07.2016,14.5680,14.5500,14.5950,14.5500,0.01%
12.07.2016,14.5670,14.7000,14.7250,14.5420,-0.97%
11.07.2016,14.7100,14.6900,14.7300,14.6375,0.03%
08.07.2016,14.7050,14.6900,14.7050,14.6900,0.00%
07.07.2016,14.7045,14.6500,14.7705,14.6200,0.04%
06.07.2016,14.6980,14.7000,14.8330,14.6600,-1.19%
05.07.2016,14.8750,15.0700,15.0750,14.7000,-0.93%
04.07.2016,15.0150,15.0300,15.0650,15.0000,-0.30%
01.07.2016,15.0600,15.0400,15.1800,14.9500,0.14%
30.06.2016,15.0385,14.9510,15.0585,14.9000,0.51%
29.06.2016,14.9615,14.8900,14.9705,14.7200,0.36%
28.06.2016,14.9080,15.2750,15.3230,14.8500,-2.49%
27.06.2016,15.2890,14.9120,15.3040,14.8900,2.46%
24.06.2016,14.9225,14.3860,14.9480,14.3860,3.74%
23.06.2016,14.3850,14.0700,14.4550,14.0700,2.27%
22.06.2016,14.0660,13.9370,14.0800,13.9370,0.80%
21.06.2016,13.9545,13.9000,13.9775,13.8000,0.43%
20.06.2016,13.8950,13.8910,13.8960,13.8900,-0.04%
17.06.2016,13.9010,13.8900,13.9010,13.8900,-0.04%
16.06.2016,13.9060,13.7250,13.9250,13.7000,1.22%
15.06.2016,13.7385,13.7330,13.8185,13.7250,0.03%
14.06.2016,13.7350,13.7700,13.8100,13.7300,-0.46%
13.06.2016,13.7985,13.8000,13.8185,13.7500,-0.05%
10.06.2016,13.8050,13.7700,13.8400,13.7700,-0.09%
09.06.2016,13.8180,13.8720,13.8930,13.7600,-0.55%
08.06.2016,13.8940,13.8170,13.9170,13.7500,0.50%
07.06.2016,13.8250,13.7670,13.8400,13.7300,0.35%
06.06.2016,13.7770,13.8860,13.8960,13.7000,-0.95%
03.06.2016,13.9085,13.8975,13.9225,13.8475,0.00%
02.06.2016,13.9085,13.9350,13.9575,13.8860,-0.43%
01.06.2016,13.9685,13.9720,14.0200,13.9100,-0.10%
31.05.2016,13.9825,13.9300,14.0530,13.9300,0.20%
30.05.2016,13.9550,13.9150,13.9550,13.9000,0.36%
27.05.2016,13.9050,13.9860,14.0200,13.9000,-0.71%
26.05.2016,14.0050,14.0500,14.1450,13.9900,-0.28%
25.05.2016,14.0445,14.0300,14.0445,14.0300,0.01%
24.05.2016,14.0435,13.9780,14.0650,13.9780,0.39%
23.05.2016,13.9895,14.0680,14.0795,13.9500,-0.63%
20.05.2016,14.0780,14.0810,14.1200,14.0000,-0.11%
19.05.2016,14.0930,14.1300,14.1470,14.0800,-0.25%
18.05.2016,14.1285,14.1770,14.1895,14.0950,-0.08%
17.05.2016,14.1400,14.1500,14.1700,14.1000,-0.18%
16.05.2016,14.1660,14.1500,14.2310,14.1000,0.09%
13.05.2016,14.1538,14.1910,14.2037,14.1400,-0.01%
12.05.2016,14.1550,14.1500,14.2180,14.1500,-0.32%
11.05.2016,14.2010,14.2100,14.2400,14.1910,-0.18%
10.05.2016,14.2260,14.2200,14.2510,14.2060,-0.01%
09.05.2016,14.2280,14.2060,14.2550,14.1900,0.05%
06.05.2016,14.2210,14.2500,14.2750,14.1800,-0.11%
05.05.2016,14.2365,14.2400,14.2765,14.2100,-0.04%
04.05.2016,14.2425,14.2000,14.2425,14.1650,0.31%
03.05.2016,14.1985,14.1660,14.2385,14.1600,0.14%
02.05.2016,14.1790,14.2800,14.3130,14.1000,-0.74%
29.04.2016,14.2850,14.2500,14.3050,14.1500,-0.28%
28.04.2016,14.3250,14.1900,14.3250,14.1500,0.87%
27.04.2016,14.2010,14.2900,14.3250,14.1500,-0.82%
26.04.2016,14.3180,14.2900,14.3580,14.2150,0.02%
25.04.2016,14.3150,14.2930,14.3850,14.2500,-0.02%
22.04.2016,14.3180,14.2500,14.5750,14.2500,0.31%
21.04.2016,14.2735,14.3070,14.4395,14.2500,-0.54%
20.04.2016,14.3505,14.1630,14.3605,14.1500,1.31%
19.04.2016,14.1650,14.1200,14.2000,14.0100,0.21%
18.04.2016,14.1360,14.0280,14.2150,14.0000,0.70%
15.04.2016,14.0375,14.3100,14.3195,13.9000,-2.00%
14.04.2016,14.3245,14.3700,14.4125,14.2500,-0.46%
13.04.2016,14.3905,14.4500,14.4705,14.2500,-0.76%
12.04.2016,14.5000,14.5050,14.6000,14.4000,-0.15%
11.04.2016,14.5225,14.4600,14.5325,14.4200,0.40%
08.04.2016,14.4650,14.3700,14.4750,14.3600,-0.07%
07.04.2016,14.4750,14.5700,14.6080,14.4000,-0.89%
06.04.2016,14.6050,14.6700,14.7650,14.6000,-0.54%
05.04.2016,14.6850,14.6960,14.7050,14.6000,-0.24%
04.04.2016,14.7200,14.7750,14.8200,14.6960,-0.46%
01.04.2016,14.7885,14.6500,14.8435,14.5500,0.62%
31.03.2016,14.6975,14.6250,14.7185,14.5500,0.62%
30.03.2016,14.6075,14.6250,14.6645,14.5000,-0.21%
29.03.2016,14.6380,14.8000,15.0130,14.5000,-1.20%
28.03.2016,14.8160,14.4900,14.8460,14.4900,2.21%
25.03.2016,14.4950,14.4900,14.4950,14.4900,-0.04%
24.03.2016,14.5015,14.4900,14.5015,14.4900,-0.00%
23.03.2016,14.5020,14.3500,14.5120,14.2500,0.81%
22.03.2016,14.3850,14.4600,14.4700,14.1000,-0.59%
21.03.2016,14.4705,14.7620,14.7745,14.4000,-2.05%
18.03.2016,14.7740,14.7000,14.8720,14.6800,-0.98%
17.03.2016,14.9195,14.6000,14.9315,14.5050,2.15%
16.03.2016,14.6050,14.5000,14.6150,14.3500,0.57%
15.03.2016,14.5225,14.7500,14.7725,14.5000,-1.78%
14.03.2016,14.7860,14.8360,14.9310,14.5000,-0.46%
11.03.2016,14.8540,15.3300,15.3580,14.8000,-3.12%
10.03.2016,15.3320,15.3470,15.3645,15.2000,-0.21%
09.03.2016,15.3645,15.3500,15.3825,15.2000,-0.54%
08.03.2016,15.4485,15.3800,15.4735,15.3500,0.33%
07.03.2016,15.3970,15.1880,15.4370,15.1500,1.30%
04.03.2016,15.1995,15.1500,15.2615,15.1100,-0.12%
03.03.2016,15.2170,15.6550,15.6900,15.0000,-2.80%
02.03.2016,15.6550,15.7800,15.7850,15.6000,-0.85%
01.03.2016,15.7900,15.8100,15.9575,15.7100,-0.26%
29.02.2016,15.8315,15.4510,15.8465,15.4510,2.38%
26.02.2016,15.4630,15.3850,15.4820,15.3700,0.16%
25.02.2016,15.4380,15.3450,15.4490,15.2500,0.59%
24.02.2016,15.3470,15.3229,15.3870,15.2488,0.14%
23.02.2016,15.3250,15.2639,15.5950,15.1599,0.37%
22.02.2016,15.2680,15.0800,15.2730,15.0700,1.37%
19.02.2016,15.0615,15.0199,15.0775,15.0000,0.24%
18.02.2016,15.0250,14.9200,15.1500,14.9200,0.70%
17.02.2016,14.9210,14.8300,15.0046,14.8300,0.80%
16.02.2016,14.8019,14.8039,14.8720,14.7725,-0.05%
15.02.2016,14.8089,14.7805,14.8220,14.7500,0.16%
12.02.2016,14.7850,14.5659,14.7919,14.5630,1.47%
11.02.2016,14.5709,14.4910,14.6090,14.4525,0.52%
10.02.2016,14.4950,14.3580,14.5050,14.2649,0.94%
09.02.2016,14.3605,14.3520,14.3625,14.3500,0.57%
08.02.2016,14.2790,14.3589,14.3790,14.2739,-0.56%
05.02.2016,14.3600,14.1569,14.3840,14.1339,1.41%
04.02.2016,14.1610,14.1430,14.2400,14.0929,0.11%
03.02.2016,14.1460,14.1145,14.1701,14.0509,0.21%
02.02.2016,14.1159,14.0990,14.1690,14.0000,0.10%
01.02.2016,14.1019,13.8961,14.1726,13.8905,1.52%
29.01.2016,13.8910,13.8270,13.9645,13.7500,0.44%
28.01.2016,13.8300,13.8375,13.9055,13.7529,-0.07%
27.01.2016,13.8390,13.8190,13.9226,13.7799,0.13%
26.01.2016,13.8215,13.7555,13.8576,13.6789,0.48%
25.01.2016,13.7550,13.7001,13.8225,13.6469,0.39%
22.01.2016,13.7010,13.5099,13.7400,13.4500,1.37%
21.01.2016,13.5160,13.4229,13.6080,13.3500,0.68%
20.01.2016,13.4250,13.4689,13.4900,13.3800,-0.34%
19.01.2016,13.4710,13.5219,13.5765,13.3810,-0.39%
18.01.2016,13.5235,13.4211,13.5335,13.3715,0.76%
15.01.2016,13.4221,13.2444,13.5740,13.2300,1.33%
14.01.2016,13.2464,13.5370,13.5573,13.2000,-2.15%
13.01.2016,13.5375,13.4841,13.6008,13.4738,0.38%
12.01.2016,13.4860,13.6939,13.7369,13.4500,-1.54%
11.01.2016,13.6965,13.8861,13.9215,13.6500,-1.32%
08.01.2016,13.8800,13.8843,13.9060,13.8360,-0.06%
07.01.2016,13.8880,13.8455,14.0090,13.7800,0.29%
06.01.2016,13.8476,13.6289,13.9250,13.6070,1.57%
05.01.2016,13.6334,13.1849,13.8246,13.1600,3.37%
04.01.2016,13.1895,12.9199,13.1960,12.8849,2.01%
01.01.2016,12.9299,12.9329,12.9376,12.9259,-0.08%
31.12.2015,12.9399,12.9559,13.0040,12.9000,-0.16%
30.12.2015,12.9605,12.9339,13.0130,12.9309,0.17%
29.12.2015,12.9380,12.9550,13.0570,12.8929,-0.15%
28.12.2015,12.9569,13.2171,13.2310,12.9499,-2.00%
25.12.2015,13.2208,13.2299,13.2361,13.2149,-0.04%
24.12.2015,13.2255,12.9693,13.2256,12.9629,1.95%
23.12.2015,12.9719,12.9401,13.0740,12.9000,0.23%
22.12.2015,12.9420,12.7920,13.0620,12.7869,1.15%
21.12.2015,12.7949,13.1259,13.2070,12.7100,-2.56%
18.12.2015,13.1314,13.3039,13.5245,13.1269,-1.33%
17.12.2015,13.3085,9.8119,13.9020,9.7978,35.57%
16.12.2015,9.8164,9.7801,9.8290,9.7710,0.36%
15.12.2015,9.7816,9.7697,9.8095,9.7613,0.10%
14.12.2015,9.7717,9.7668,9.7902,9.7519,0.04%
11.12.2015,9.7678,9.7409,9.7748,9.7322,0.27%
10.12.2015,9.7419,9.7278,9.7521,9.7156,0.11%
09.12.2015,9.7311,9.6982,9.7413,9.6928,0.33%
08.12.2015,9.6992,9.7026,9.7109,9.6811,-0.07%
07.12.2015,9.7064,9.7176,9.7218,9.6960,-0.09%
04.12.2015,9.7152,9.7168,9.7483,9.6803,0.25%
03.12.2015,9.6906,9.6780,9.7224,9.6780,0.10%
02.12.2015,9.6805,9.6815,9.7133,9.6652,-0.03%
01.12.2015,9.6835,9.7045,9.7145,9.6764,0.23%
30.11.2015,9.6609,9.6960,9.7114,9.6554,-0.39%
27.11.2015,9.6985,9.6847,9.7009,9.6476,0.14%
26.11.2015,9.6845,9.6650,9.7023,9.6438,0.53%
25.11.2015,9.6333,9.6589,9.6812,9.6297,-0.28%
24.11.2015,9.6608,9.6436,9.6747,9.6240,0.17%
23.11.2015,9.6447,9.6397,9.6758,9.6362,0.04%
20.11.2015,9.6413,9.6489,9.6702,9.6257,-0.10%
19.11.2015,9.6509,9.6302,9.6650,9.6201,0.20%
18.11.2015,9.6321,9.6384,9.6513,9.6219,-0.09%
17.11.2015,9.6406,9.6234,9.6453,9.6150,0.16%
16.11.2015,9.6251,9.6131,9.6673,9.6037,0.18%
13.11.2015,9.6075,9.5978,9.6260,9.5950,0.08%
12.11.2015,9.5997,9.5761,9.6188,9.5649,0.20%
11.11.2015,9.5803,9.5801,9.6043,9.5671,-0.04%
10.11.2015,9.5844,9.5773,9.5981,9.5633,0.05%
09.11.2015,9.5794,9.4042,9.5912,9.3993,1.80%
06.11.2015,9.4102,9.5532,9.5612,9.4059,-1.52%
05.11.2015,9.5556,9.5316,9.5809,9.5177,0.21%
04.11.2015,9.5358,9.5431,9.5739,9.5252,-0.10%
03.11.2015,9.5449,9.5346,9.5656,9.5243,0.09%
02.11.2015,9.5366,9.5190,9.5545,9.4962,0.20%
30.10.2015,9.5180,9.5190,9.5256,9.5048,-0.00%
29.10.2015,9.5182,9.5248,9.5460,9.5141,-0.11%
28.10.2015,9.5287,9.5128,9.5403,9.4737,0.13%
27.10.2015,9.5161,9.5246,9.5336,9.5004,-0.11%
26.10.2015,9.5270,9.5160,9.5337,9.4954,0.10%
23.10.2015,9.5171,9.5101,9.5222,9.5017,0.02%
22.10.2015,9.5153,9.5101,9.5182,9.4849,0.02%
21.10.2015,9.5133,9.4668,9.5154,9.4535,0.48%
20.10.2015,9.4677,9.4900,9.5082,9.4490,-0.28%
19.10.2015,9.4941,9.4938,9.5043,9.4743,-0.11%
16.10.2015,9.5042,9.4810,9.5042,9.4673,0.20%
15.10.2015,9.4852,9.4597,9.4874,9.4502,0.22%
14.10.2015,9.4642,9.4717,9.4821,9.4602,-0.10%
13.10.2015,9.4740,9.3937,9.4771,9.3864,0.83%
12.10.2015,9.3961,9.4455,9.4497,9.3911,-0.53%
09.10.2015,9.4462,9.4039,9.4516,9.3257,0.40%
08.10.2015,9.4083,9.4516,9.4556,9.3447,-0.48%
07.10.2015,9.4538,9.4493,9.4571,9.4177,0.00%
06.10.2015,9.4534,9.4406,9.5055,9.4174,0.11%
05.10.2015,9.4426,9.4292,9.4465,9.4111,0.01%
02.10.2015,9.4417,9.4222,9.4452,9.4157,0.15%
01.10.2015,9.4275,9.4236,9.4302,9.4139,0.02%
30.09.2015,9.4258,9.4223,9.4307,9.4100,0.02%
29.09.2015,9.4240,9.4143,9.4261,9.3991,0.09%
28.09.2015,9.4159,9.4093,9.4250,9.3930,0.04%
25.09.2015,9.4121,9.3953,9.4121,9.3787,0.16%
24.09.2015,9.3975,9.3945,9.4064,9.3819,0.03%
23.09.2015,9.3948,9.3879,9.4014,9.3758,0.03%
22.09.2015,9.3919,9.4010,9.4057,9.3771,-0.11%
21.09.2015,9.4025,9.3989,9.4166,9.3774,0.17%
18.09.2015,9.3867,9.3771,9.3916,9.3658,0.09%
17.09.2015,9.3786,9.3723,9.3806,9.3555,0.02%
16.09.2015,9.3770,9.3694,9.3796,9.3571,0.06%
15.09.2015,9.3716,9.3565,9.3740,9.3503,0.15%
14.09.2015,9.3579,9.3489,9.3618,9.3419,0.08%
11.09.2015,9.3501,9.3548,9.3671,9.3302,-0.08%
10.09.2015,9.3579,9.3382,9.3605,9.3300,0.17%
09.09.2015,9.3423,9.3284,9.3504,9.3265,0.11%
08.09.2015,9.3321,9.3071,9.3368,9.3028,0.24%
07.09.2015,9.3095,9.3245,9.3368,9.2923,-0.28%
04.09.2015,9.3353,9.3149,9.3377,9.2995,0.18%
03.09.2015,9.3185,9.3042,9.3194,9.3018,0.10%
02.09.2015,9.3091,9.3095,9.3124,9.2969,-0.04%
01.09.2015,9.3126,9.2971,9.3126,9.2863,0.15%
31.08.2015,9.2987,9.2935,9.3046,9.2797,0.08%
28.08.2015,9.2911,9.2876,9.2941,9.2756,0.02%
27.08.2015,9.2893,9.2797,9.2934,9.2747,0.07%
26.08.2015,9.2829,9.2752,9.2904,9.2654,0.06%
25.08.2015,9.2772,9.2683,9.2785,9.2597,0.07%
24.08.2015,9.2703,9.2616,9.2779,9.2450,0.12%
21.08.2015,9.2589,9.2544,9.2644,9.2497,0.01%
20.08.2015,9.2579,9.2654,9.2713,9.2416,-0.11%
19.08.2015,9.2685,9.2430,9.2702,9.2316,0.22%
18.08.2015,9.2477,9.2656,9.2710,9.2249,-0.19%
17.08.2015,9.2655,9.2395,9.2702,9.2303,0.27%
14.08.2015,9.2405,9.2339,9.2553,9.2301,0.04%
13.08.2015,9.2367,9.2296,9.2413,9.2242,0.04%
12.08.2015,9.2327,9.2226,9.2337,9.2156,0.08%
11.08.2015,9.2256,9.2183,9.2284,9.2117,0.06%
10.08.2015,9.2198,9.2331,9.2375,9.2055,-0.16%
07.08.2015,9.2343,9.2096,9.2345,9.2019,0.24%
06.08.2015,9.2125,9.2051,9.2163,9.1997,0.03%
05.08.2015,9.2096,9.2019,9.2121,9.1915,0.07%
04.08.2015,9.2035,9.2071,9.2103,9.1909,-0.06%
03.08.2015,9.2090,9.1964,9.2117,9.1800,0.12%
31.07.2015,9.1976,9.1968,9.2075,9.1790,-0.02%
30.07.2015,9.1993,9.1789,9.1993,9.1726,0.20%
29.07.2015,9.1806,9.1665,9.1888,9.1611,0.11%
28.07.2015,9.1703,9.1897,9.1941,9.1653,-0.24%
27.07.2015,9.1921,9.1855,9.1959,9.1600,0.11%
24.07.2015,9.1821,9.1721,9.1824,9.1573,0.08%
23.07.2015,9.1745,9.1653,9.1766,9.1525,0.07%
22.07.2015,9.1681,9.1771,9.1796,9.1516,-0.12%
21.07.2015,9.1787,9.1620,9.1807,9.1333,0.14%
20.07.2015,9.1662,9.1196,9.1662,9.1162,0.41%
17.07.2015,9.1288,9.1288,9.1488,9.1116,-0.01%
16.07.2015,9.1300,9.1290,9.1430,9.1281,-0.01%
15.07.2015,9.1305,9.1295,9.1370,9.1270,-0.01%
14.07.2015,9.1315,9.1245,9.1335,9.1230,0.07%
13.07.2015,9.1255,9.1252,9.1290,9.1200,-0.11%
10.07.2015,9.1351,9.1237,9.1366,9.1136,0.11%
09.07.2015,9.1252,9.1112,9.1252,9.0835,0.09%
08.07.2015,9.1174,9.1018,9.1226,9.0945,0.16%
07.07.2015,9.1029,9.1157,9.1198,9.0833,-0.17%
06.07.2015,9.1181,9.1009,9.1206,9.0899,0.21%
03.07.2015,9.0992,9.1008,9.1109,9.0755,-0.06%
02.07.2015,9.1049,9.0932,9.1079,9.0837,0.09%
01.07.2015,9.0965,9.0984,9.1044,9.0817,-0.02%
30.06.2015,9.0987,9.0821,9.0988,9.0754,0.12%
29.06.2015,9.0874,9.0926,9.1014,9.0637,-0.02%
26.06.2015,9.0896,9.0870,9.0941,9.0595,0.02%
25.06.2015,9.0877,9.0700,9.0900,9.0563,0.22%
24.06.2015,9.0680,9.0580,9.0700,9.0565,0.09%
23.06.2015,9.0595,9.0587,9.0660,9.0550,-0.04%
22.06.2015,9.0633,9.0948,9.0992,9.0570,-0.50%
19.06.2015,9.1089,9.0512,9.1124,9.0431,0.59%
18.06.2015,9.0551,9.0702,9.0810,9.0331,-0.21%
17.06.2015,9.0739,9.0585,9.0739,9.0353,0.14%
16.06.2015,9.0610,9.0350,9.0630,9.0261,0.27%
15.06.2015,9.0370,9.0390,9.0530,9.0291,-0.04%
12.06.2015,9.0407,9.0295,9.0483,9.0237,0.10%
11.06.2015,9.0315,9.0292,9.0381,9.0219,-0.02%
10.06.2015,9.0333,9.0265,9.0339,9.0149,0.06%
09.06.2015,9.0280,9.0264,9.0320,9.0089,-0.01%
08.06.2015,9.0292,9.0282,9.0556,9.0067,-0.04%
05.06.2015,9.0324,9.0158,9.0329,9.0034,0.14%
04.06.2015,9.0195,9.0070,9.0202,8.9951,0.12%
03.06.2015,9.0089,9.0040,9.0148,8.9944,0.04%
02.06.2015,9.0053,9.0095,9.0136,8.9862,-0.06%
01.06.2015,9.0105,9.0014,9.0162,8.9867,0.08%
29.05.2015,9.0035,8.9931,9.0037,8.9787,0.07%
28.05.2015,8.9971,8.9787,8.9997,8.9700,0.16%
27.05.2015,8.9823,8.9750,8.9874,8.9669,0.06%
26.05.2015,8.9773,9.0044,9.0170,8.9500,-0.30%
25.05.2015,9.0047,8.9928,9.0109,8.9619,0.18%
22.05.2015,8.9886,8.9686,8.9913,8.9610,0.18%
21.05.2015,8.9721,8.9625,8.9758,8.9550,0.08%
20.05.2015,8.9652,8.9394,8.9681,8.9222,0.24%
19.05.2015,8.9439,8.9489,8.9615,8.9391,-0.08%
18.05.2015,8.9507,8.9523,8.9667,8.9402,-0.03%
15.05.2015,8.9536,8.9449,8.9536,8.9331,0.05%
14.05.2015,8.9495,8.9499,8.9677,8.9319,-0.02%
13.05.2015,8.9516,8.9314,8.9536,8.9251,0.18%
12.05.2015,8.9353,8.9389,8.9458,8.9257,-0.06%
11.05.2015,8.9405,8.9358,8.9447,8.9188,0.07%
08.05.2015,8.9341,8.9190,8.9386,8.9093,0.09%
07.05.2015,8.9261,8.9355,8.9421,8.9119,-0.15%
06.05.2015,8.9394,8.9025,8.9394,8.9025,0.40%
05.05.2015,8.9035,8.9125,8.9160,8.9025,0.00%
04.05.2015,8.9035,8.9175,8.9185,8.9025,-0.17%
01.05.2015,8.9185,8.9175,8.9185,8.9165,-0.04%
30.04.2015,8.9219,8.9019,8.9246,8.8928,0.20%
29.04.2015,8.9037,8.9045,8.9108,8.8892,-0.03%
28.04.2015,8.9066,8.9053,8.9155,8.8867,-0.02%
27.04.2015,8.9084,8.9052,8.9124,8.8789,0.11%
24.04.2015,8.8987,8.8973,8.9071,8.8776,-0.01%
23.04.2015,8.8994,8.8800,8.9019,8.8651,0.31%
22.04.2015,8.8720,8.8715,8.8785,8.8710,-0.01%
21.04.2015,8.8730,8.8668,8.8735,8.8650,0.06%
20.04.2015,8.8680,8.8641,8.8710,8.8594,-0.12%
17.04.2015,8.8784,8.8802,8.8844,8.8569,-0.04%
16.04.2015,8.8819,8.8667,8.8843,8.8576,0.15%
15.04.2015,8.8683,8.8610,8.8709,8.8510,0.06%
14.04.2015,8.8629,8.8544,8.8677,8.8507,0.03%
13.04.2015,8.8603,8.8428,8.8613,8.8380,0.17%
10.04.2015,8.8454,8.8396,8.8524,8.8322,0.03%
09.04.2015,8.8425,8.8403,8.8493,8.8323,-0.03%
08.04.2015,8.8455,8.8421,8.8515,8.8274,0.01%
07.04.2015,8.8442,8.8343,8.8465,8.8264,0.10%
06.04.2015,8.8355,8.8349,8.8366,8.8239,-0.02%
03.04.2015,8.8370,8.8350,8.8376,8.8325,-0.03%
02.04.2015,8.8400,8.8214,8.8427,8.8101,0.16%
01.04.2015,8.8261,8.8164,8.8318,8.8102,0.07%
31.03.2015,8.8197,8.8105,8.8257,8.8057,0.06%
30.03.2015,8.8142,8.8108,8.8217,8.8050,0.01%
27.03.2015,8.8131,8.8026,8.8131,8.7963,0.06%
26.03.2015,8.8082,8.7984,8.8106,8.7901,0.09%
25.03.2015,8.8005,8.7776,8.8068,8.7731,0.26%
24.03.2015,8.7780,8.7765,8.7922,8.7646,-0.03%
23.03.2015,8.7806,8.7961,8.8003,8.7721,-0.20%
20.03.2015,8.7980,8.7888,8.8015,8.7820,0.07%
19.03.2015,8.7918,8.7880,8.7993,8.7839,-0.00%
18.03.2015,8.7922,8.7855,8.7987,8.7719,0.06%
17.03.2015,8.7869,8.7785,8.7895,8.7748,0.05%
16.03.2015,8.7827,8.7838,8.8161,8.7720,-0.03%
13.03.2015,8.7853,8.7749,8.7870,8.7699,0.09%
12.03.2015,8.7778,8.7715,8.7843,8.7684,0.01%
11.03.2015,8.7767,8.7694,8.7812,8.7638,0.07%
10.03.2015,8.7707,8.7588,8.7728,8.7543,0.12%
09.03.2015,8.7606,8.7544,8.7680,8.7485,0.12%
06.03.2015,8.7505,8.7500,8.7585,8.7495,0.02%
05.03.2015,8.7485,8.7425,8.7510,8.7400,0.06%
04.03.2015,8.7430,8.7375,8.7435,8.7345,0.06%
03.03.2015,8.7380,8.7320,8.7385,8.7300,0.06%
02.03.2015,8.7330,8.7185,8.7335,8.7185,0.13%
27.02.2015,8.7215,8.7200,8.7265,8.7185,-0.05%
26.02.2015,8.7255,8.7200,8.7260,8.7175,0.09%
25.02.2015,8.7180,8.7145,8.7220,8.7145,0.03%
24.02.2015,8.7155,8.7125,8.7160,8.7100,0.14%
23.02.2015,8.7030,8.7020,8.7110,8.7000,0.00%
20.02.2015,8.7030,8.6950,8.7035,8.6950,0.11%
19.02.2015,8.6935,8.6895,8.6960,8.6875,0.03%
18.02.2015,8.6910,8.6800,8.6910,8.6800,0.12%
17.02.2015,8.6810,8.6800,8.6810,8.6790,0.00%
16.02.2015,8.6810,8.6795,8.6810,8.6795,0.01%
13.02.2015,8.6805,8.6800,8.6860,8.6750,0.09%
12.02.2015,8.6725,8.6700,8.6810,8.6675,0.05%
11.02.2015,8.6685,8.6640,8.6785,8.6640,0.04%
10.02.2015,8.6650,8.6650,8.6710,8.6625,-0.02%
09.02.2015,8.6665,8.6575,8.6665,8.6550,0.07%
06.02.2015,8.6605,8.6505,8.6610,8.6500,0.09%
05.02.2015,8.6530,8.6625,8.6645,8.6500,0.03%
04.02.2015,8.6505,8.6500,8.6635,8.6495,-0.01%
03.02.2015,8.6510,8.6500,8.6610,8.6490,0.01%
02.02.2015,8.6505,8.6320,8.6560,8.6320,0.20%
30.01.2015,8.6330,8.6325,8.6435,8.6320,0.02%
29.01.2015,8.6310,8.6292,8.6360,8.6292,0.00%
28.01.2015,8.6310,8.6275,8.6335,8.6275,0.03%
27.01.2015,8.6285,8.6250,8.6335,8.6250,0.01%
26.01.2015,8.6280,8.6225,8.6310,8.6200,0.10%
23.01.2015,8.6193,8.6200,8.6333,8.6110,-0.01%
22.01.2015,8.6205,8.6110,8.6210,8.6100,0.09%
21.01.2015,8.6125,8.6075,8.6165,8.6075,0.01%
20.01.2015,8.6113,8.6025,8.6113,8.6025,0.07%
19.01.2015,8.6050,8.5995,8.6050,8.5970,0.05%
16.01.2015,8.6005,8.5950,8.6010,8.5945,0.05%
15.01.2015,8.5960,8.5950,8.6010,8.5925,0.06%
14.01.2015,8.5910,8.5925,8.5960,8.5875,0.01%
13.01.2015,8.5905,8.5890,8.5935,8.5890,0.01%
12.01.2015,8.5900,8.5885,8.6010,8.5885,0.01%
09.01.2015,8.5895,8.5900,8.5935,8.5875,0.01%
08.01.2015,8.5885,8.5825,8.5910,8.5825,0.18%
07.01.2015,8.5730,8.5725,8.5860,8.5720,0.29%
06.01.2015,8.5480,8.5470,8.5485,8.5460,-0.04%
05.01.2015,8.5515,8.5550,8.5665,8.5475,-0.05%
02.01.2015,8.5555,8.5500,8.5560,8.5495,0.06%
01.01.2015,8.5505,8.5402,8.5505,8.5402,0.00%
31.12.2014,8.5505,8.5402,8.5505,8.5402,0.00%
30.12.2014,8.5505,8.5500,8.5628,8.5402,-0.04%
29.12.2014,8.5535,8.5497,8.5535,8.5490,0.03%
26.12.2014,8.5507,8.5498,8.5508,8.5495,-0.00%
25.12.2014,8.5508,8.5498,8.5508,8.5498,0.00%
24.12.2014,8.5508,8.5500,8.5585,8.5495,0.00%
23.12.2014,8.5505,8.5495,8.5535,8.5485,0.00%
22.12.2014,8.5505,8.5500,8.5535,8.5490,0.00%
19.12.2014,8.5505,8.5500,8.5535,8.5495,-0.01%
18.12.2014,8.5510,8.5525,8.5585,8.5480,0.00%
17.12.2014,8.5510,8.5500,8.5535,8.5495,0.01%
16.12.2014,8.5505,8.5495,8.5535,8.5490,0.00%
15.12.2014,8.5505,8.5520,8.5535,8.5495,-0.04%
12.12.2014,8.5535,8.5520,8.5535,8.5500,0.00%
11.12.2014,8.5535,8.5492,8.5535,8.5475,0.04%
10.12.2014,8.5505,8.5525,8.5560,8.5475,-0.03%
09.12.2014,8.5530,8.5450,8.5585,8.5422,0.09%
08.12.2014,8.5450,8.5420,8.5450,8.5410,0.02%
05.12.2014,8.5430,8.5475,8.5585,8.5420,-0.06%
04.12.2014,8.5485,8.5400,8.5485,8.5400,0.06%
03.12.2014,8.5435,8.5320,8.5435,8.5300,0.12%
02.12.2014,8.5330,8.5300,8.5385,8.5275,0.02%
01.12.2014,8.5312,8.5270,8.5312,8.5220,0.04%
28.11.2014,8.5280,8.5200,8.5285,8.5200,0.08%
27.11.2014,8.5208,8.5200,8.5210,8.5198,-0.01%
26.11.2014,8.5220,8.5170,8.5270,8.5170,0.05%
25.11.2014,8.5180,8.5150,8.5210,8.5150,0.03%
24.11.2014,8.5155,8.5145,8.5160,8.5145,0.00%
21.11.2014,8.5155,8.5125,8.5160,8.5125,0.00%
20.11.2014,8.5155,8.5150,8.5160,8.5125,0.00%
19.11.2014,8.5155,8.5150,8.5160,8.5125,0.04%
18.11.2014,8.5125,8.5100,8.5160,8.5100,0.02%
17.11.2014,8.5105,8.5085,8.5110,8.5085,0.01%
14.11.2014,8.5095,8.5075,8.5120,8.5075,0.02%
13.11.2014,8.5080,8.5105,8.5115,8.5070,-0.04%
12.11.2014,8.5115,8.5070,8.5120,8.5050,0.04%
11.11.2014,8.5080,8.5070,8.5085,8.5050,-0.01%
10.11.2014,8.5085,8.5085,8.5135,8.5050,-0.01%
07.11.2014,8.5095,8.5045,8.5110,8.5045,0.05%
06.11.2014,8.5055,8.5045,8.5055,8.5020,0.00%
05.11.2014,8.5055,8.5070,8.5090,8.5045,0.00%
04.11.2014,8.5055,8.5050,8.5110,8.5045,-0.03%
03.11.2014,8.5080,8.5020,8.5100,8.5000,0.06%
31.10.2014,8.5030,8.5025,8.5035,8.4970,0.03%
30.10.2014,8.5005,8.5000,8.5035,8.4995,0.00%
29.10.2014,8.5005,8.4995,8.5040,8.4960,-0.01%
28.10.2014,8.5010,8.4915,8.5020,8.4915,0.09%
27.10.2014,8.4930,8.4845,8.5000,8.4845,0.09%
24.10.2014,8.4855,8.4845,8.4960,8.4845,0.00%
23.10.2014,8.4855,8.4895,8.4920,8.4750,-0.06%
22.10.2014,8.4905,8.4890,8.4940,8.4850,0.00%
21.10.2014,8.4905,8.4725,8.5000,8.4725,0.20%
20.10.2014,8.4735,8.4725,8.4890,8.4725,0.00%
17.10.2014,8.4735,8.4750,8.4785,8.4600,-0.04%
16.10.2014,8.4765,8.4725,8.4780,8.4700,0.04%
15.10.2014,8.4735,8.4700,8.4770,8.4700,0.02%
14.10.2014,8.4715,8.4740,8.4770,8.4650,-0.05%
13.10.2014,8.4755,8.4755,8.4765,8.4700,-0.01%
10.10.2014,8.4765,8.4695,8.4810,8.4600,0.07%
09.10.2014,8.4705,8.4575,8.4800,8.4575,0.14%
08.10.2014,8.4585,8.4550,8.4710,8.4500,0.05%
07.10.2014,8.4545,8.4695,8.4715,8.4520,-0.19%
06.10.2014,8.4705,8.4445,8.4760,8.4445,0.30%
03.10.2014,8.4455,8.4395,8.4735,8.4395,0.06%
02.10.2014,8.4405,8.4490,8.4590,8.4360,-0.12%
01.10.2014,8.4505,8.4295,8.4530,8.4175,0.20%
30.09.2014,8.4335,8.4775,8.4835,8.4175,-0.56%
29.09.2014,8.4810,8.4485,8.4855,8.4400,0.37%
26.09.2014,8.4495,8.4185,8.4510,8.4100,0.34%
25.09.2014,8.4210,8.4095,8.4295,8.3995,0.01%
24.09.2014,8.4200,8.4245,8.4400,8.4100,-0.07%
23.09.2014,8.4260,8.4255,8.4410,8.4200,-0.02%
22.09.2014,8.4280,8.4195,8.4360,8.4150,0.09%
19.09.2014,8.4205,8.3995,8.4320,8.3995,0.24%
18.09.2014,8.4005,8.4030,8.4360,8.3980,-0.01%
17.09.2014,8.4010,8.4030,8.4160,8.3900,-0.00%
16.09.2014,8.4012,8.4005,8.4038,8.3950,-0.01%
15.09.2014,8.4017,8.4000,8.4113,8.3980,0.01%
12.09.2014,8.4010,8.4000,8.4035,8.3900,0.01%
11.09.2014,8.4005,8.4000,8.4085,8.3900,0.00%
10.09.2014,8.4005,8.4025,8.4085,8.3995,-0.03%
09.09.2014,8.4027,8.4030,8.4098,8.3950,-0.03%
08.09.2014,8.4050,8.4145,8.4260,8.4000,-0.12%
05.09.2014,8.4155,8.4005,8.4210,8.3900,0.17%
04.09.2014,8.4015,8.4145,8.4155,8.3800,-0.17%
03.09.2014,8.4155,8.3995,8.4170,8.3995,0.18%
02.09.2014,8.4005,8.4000,8.4160,8.3995,-0.03%
01.09.2014,8.4030,8.3910,8.4060,8.3910,0.02%
29.08.2014,8.4013,8.4000,8.4110,8.4000,-0.00%
28.08.2014,8.4015,8.4005,8.4085,8.4000,-0.05%
27.08.2014,8.4055,8.3908,8.4115,8.3908,0.16%
26.08.2014,8.3917,8.3908,8.4160,8.3907,-0.00%
25.08.2014,8.3920,8.3915,8.4210,8.3910,-0.01%
22.08.2014,8.3925,8.3920,8.4110,8.3900,-0.02%
21.08.2014,8.3938,8.3195,8.3953,8.3195,0.86%
20.08.2014,8.3225,8.2815,8.3250,8.2815,0.48%
19.08.2014,8.2830,8.2740,8.2885,8.2738,0.09%
18.08.2014,8.2752,8.2743,8.2753,8.2742,-0.00%
15.08.2014,8.2753,8.2743,8.2810,8.2743,-0.00%
14.08.2014,8.2755,8.2695,8.2785,8.2695,0.06%
13.08.2014,8.2705,8.2627,8.2735,8.2627,0.08%
12.08.2014,8.2638,8.2628,8.2710,8.2625,0.00%
11.08.2014,8.2638,8.2628,8.2735,8.2628,-0.03%
08.08.2014,8.2664,8.2628,8.2746,8.2628,0.03%
07.08.2014,8.2640,8.2630,8.2735,8.2625,-0.03%
06.08.2014,8.2662,8.2605,8.2727,8.2605,0.04%
05.08.2014,8.2625,8.2595,8.2740,8.2550,0.01%
04.08.2014,8.2613,8.2332,8.2613,8.2332,0.31%
01.08.2014,8.2358,8.2120,8.2415,8.2105,0.27%
31.07.2014,8.2138,8.1842,8.2183,8.1842,0.35%
30.07.2014,8.1855,8.1840,8.2040,8.1840,0.00%
29.07.2014,8.1855,8.1667,8.1920,8.1667,0.11%
28.07.2014,8.1769,8.1670,8.1951,8.1668,0.11%
25.07.2014,8.1680,8.1670,8.1790,8.1670,0.00%
24.07.2014,8.1680,8.1670,8.1770,8.1670,-0.01%
23.07.2014,8.1685,8.1675,8.1710,8.1645,-0.01%
22.07.2014,8.1695,8.1600,8.1720,8.1590,0.08%
21.07.2014,8.1632,8.1463,8.1650,8.1460,0.20%
18.07.2014,8.1473,8.1463,8.1610,8.1463,-0.00%
17.07.2014,8.1475,8.1465,8.1610,8.1440,-0.00%
16.07.2014,8.1478,8.1468,8.1585,8.1450,-0.00%
15.07.2014,8.1480,8.1470,8.1585,8.1470,0.00%
14.07.2014,8.1480,8.1500,8.1585,8.1470,-0.05%
11.07.2014,8.1520,8.1395,8.1550,8.1395,0.14%
10.07.2014,8.1405,8.1395,8.1470,8.1395,0.00%
09.07.2014,8.1405,8.1395,8.1405,8.1370,0.00%
08.07.2014,8.1405,8.1400,8.1485,8.1365,0.02%
07.07.2014,8.1385,8.1375,8.1460,8.1350,-0.00%
04.07.2014,8.1387,8.1375,8.1393,8.1375,-0.01%
03.07.2014,8.1395,8.1370,8.1440,8.1345,0.02%
02.07.2014,8.1380,8.1300,8.1400,8.1300,0.08%
01.07.2014,8.1312,8.1302,8.1360,8.1290,-0.00%
30.06.2014,8.1315,8.1308,8.1350,8.1300,-0.00%
27.06.2014,8.1318,8.1295,8.1330,8.1295,0.02%
26.06.2014,8.1305,8.1322,8.1332,8.1295,-0.03%
25.06.2014,8.1332,8.1322,8.1360,8.1300,0.00%
24.06.2014,8.1332,8.1322,8.1360,8.1295,0.00%
23.06.2014,8.1332,8.1295,8.1360,8.1275,0.03%
20.06.2014,8.1305,8.1295,8.1305,8.1295,0.00%
19.06.2014,8.1305,8.1268,8.1385,8.1268,0.03%
18.06.2014,8.1280,8.1265,8.1360,8.1260,0.00%
17.06.2014,8.1280,8.1255,8.1310,8.1255,-0.03%
16.06.2014,8.1305,8.1290,8.1445,8.1260,-0.00%
13.06.2014,8.1307,8.1260,8.1387,8.1260,0.04%
12.06.2014,8.1275,8.1265,8.1330,8.1265,-0.01%
11.06.2014,8.1280,8.1300,8.1385,8.1260,-0.02%
10.06.2014,8.1295,8.1290,8.1335,8.1260,0.02%
09.06.2014,8.1280,8.1420,8.1430,8.1250,-0.18%
06.06.2014,8.1430,8.1195,8.1460,8.1195,0.28%
05.06.2014,8.1205,8.1075,8.1300,8.1050,0.17%
04.06.2014,8.1065,8.0915,8.1140,8.0900,0.17%
03.06.2014,8.0930,8.0790,8.0950,8.0790,0.15%
02.06.2014,8.0805,8.0750,8.0850,8.0750,0.02%
30.05.2014,8.0785,8.0750,8.0825,8.0728,0.05%
29.05.2014,8.0742,8.0720,8.0780,8.0720,-0.00%
28.05.2014,8.0745,8.0615,8.0770,8.0600,0.14%
27.05.2014,8.0630,8.0622,8.0720,8.0620,-0.00%
26.05.2014,8.0633,8.0597,8.0650,8.0597,0.03%
23.05.2014,8.0605,8.0597,8.0660,8.0595,-0.00%
22.05.2014,8.0608,8.0575,8.0650,8.0575,0.02%
21.05.2014,8.0595,8.0585,8.0650,8.0580,-0.00%
20.05.2014,8.0598,8.0645,8.0655,8.0540,-0.07%
19.05.2014,8.0655,8.0595,8.0735,8.0550,0.06%
16.05.2014,8.0605,8.0550,8.0710,8.0510,0.04%
15.05.2014,8.0575,8.0195,8.0660,8.0195,0.46%
14.05.2014,8.0207,8.0197,8.0360,8.0100,-0.00%
13.05.2014,8.0208,8.0100,8.0235,8.0100,0.10%
12.05.2014,8.0125,8.0000,8.0125,8.0000,0.13%
09.05.2014,8.0020,8.0025,8.0080,7.9995,0.02%
08.05.2014,8.0005,7.9995,8.0020,7.9995,-0.00%
07.05.2014,8.0007,7.9997,8.0035,7.9997,-0.02%
06.05.2014,8.0020,7.9997,8.0045,7.9990,0.01%
05.05.2014,8.0012,7.9993,8.0038,7.9993,0.01%
02.05.2014,8.0005,7.9995,8.0005,7.9980,-0.00%
01.05.2014,8.0007,7.9997,8.0007,7.9980,-0.00%
30.04.2014,8.0008,7.9997,8.0035,7.9990,0.00%
29.04.2014,8.0008,8.0025,8.0035,7.9980,0.00%
28.04.2014,8.0008,7.9997,8.0035,7.9990,0.00%
25.04.2014,8.0008,8.0000,8.0010,7.9975,0.00%
24.04.2014,8.0008,8.0025,8.0035,7.9997,0.00%
23.04.2014,8.0008,8.0000,8.0010,7.9990,0.00%
22.04.2014,8.0008,8.0025,8.0035,7.9985,-0.03%
21.04.2014,8.0032,8.0025,8.0035,8.0000,0.03%
18.04.2014,8.0008,7.9998,8.0008,7.9995,0.00%
17.04.2014,8.0008,7.9998,8.0010,7.9990,0.00%
16.04.2014,8.0008,8.0000,8.0010,7.9980,0.00%
15.04.2014,8.0008,7.9997,8.0035,7.9985,0.00%
14.04.2014,8.0008,8.0000,8.0035,7.9980,0.01%
11.04.2014,8.0003,7.9995,8.0035,7.9900,-0.00%
10.04.2014,8.0007,8.0000,8.0020,7.9980,-0.00%
09.04.2014,8.0008,7.9997,8.0020,7.9990,0.00%
08.04.2014,8.0008,7.9980,8.0010,7.9975,0.01%
07.04.2014,8.0002,8.0015,8.0038,7.9960,-0.03%
04.04.2014,8.0030,8.0020,8.0030,7.9950,-0.00%
03.04.2014,8.0032,7.9968,8.0035,7.9940,0.07%
02.04.2014,7.9980,7.9972,7.9982,7.9970,-0.04%
01.04.2014,8.0013,7.9998,8.0113,7.9900,0.00%
31.03.2014,8.0010,8.0022,8.0110,8.0000,-0.03%
28.03.2014,8.0032,8.0035,8.0045,7.9980,-0.02%
27.03.2014,8.0045,8.0012,8.0090,8.0000,0.03%
26.03.2014,8.0025,8.0042,8.0210,7.9900,-0.04%
25.03.2014,8.0055,7.9645,8.0080,7.9645,0.50%
24.03.2014,7.9655,7.9647,7.9660,7.9620,-0.00%
21.03.2014,7.9658,7.9495,7.9780,7.9495,0.19%
20.03.2014,7.9507,7.9497,7.9640,7.9497,-0.00%
19.03.2014,7.9508,7.9447,7.9530,7.9200,0.06%
18.03.2014,7.9458,7.9148,7.9560,7.9148,0.36%
17.03.2014,7.9175,7.8922,7.9250,7.8900,0.31%
14.03.2014,7.8932,7.8770,7.9000,7.8745,0.22%
13.03.2014,7.8758,7.8768,7.8910,7.8700,-0.02%
12.03.2014,7.8773,7.8608,7.8773,7.8600,0.17%
11.03.2014,7.8640,7.8595,7.8705,7.8550,0.04%
10.03.2014,7.8608,7.8600,7.8720,7.8550,-0.01%
07.03.2014,7.8615,7.8833,7.8848,7.8500,-0.29%
06.03.2014,7.8845,7.8835,7.8960,7.8640,-0.00%
05.03.2014,7.8848,7.8838,7.8910,7.8760,-0.00%
04.03.2014,7.8850,7.8840,7.8850,7.8820,-0.00%
03.03.2014,7.8852,7.8845,7.8855,7.8700,-0.00%
28.02.2014,7.8855,7.8800,7.8860,7.8700,0.00%
27.02.2014,7.8855,7.8850,7.8935,7.8700,0.11%
26.02.2014,7.8770,7.8650,7.8860,7.8600,0.11%
25.02.2014,7.8680,7.8500,7.8720,7.8400,0.18%
24.02.2014,7.8535,7.8422,7.8785,7.8000,0.13%
21.02.2014,7.8432,7.8150,7.8435,7.8150,0.35%
20.02.2014,7.8155,7.7800,7.8160,7.7797,0.45%
19.02.2014,7.7808,7.7675,7.7820,7.7645,0.26%
18.02.2014,7.7605,7.7570,7.7685,7.7450,0.03%
17.02.2014,7.7582,7.8090,7.8100,7.7572,-0.66%
14.02.2014,7.8100,7.8090,7.8100,7.7850,-0.00%
13.02.2014,7.8103,7.8095,7.8110,7.7900,-0.01%
12.02.2014,7.8108,7.8100,7.8160,7.7990,-0.12%
11.02.2014,7.8205,7.8075,7.8235,7.8000,0.10%
10.02.2014,7.8125,7.8400,7.8450,7.7900,-0.37%
07.02.2014,7.8413,7.8765,7.8778,7.8200,-0.47%
06.02.2014,7.8780,7.8950,7.9010,7.8700,-0.22%
05.02.2014,7.8955,8.0050,8.0065,7.8700,-1.40%
04.02.2014,8.0080,8.0000,8.0085,7.9900,-0.06%
03.02.2014,8.0132,8.0177,8.0410,8.0000,-0.07%
31.01.2014,8.0188,8.0050,8.0210,7.9900,0.17%
30.01.2014,8.0055,8.0002,8.0260,7.9950,0.03%
29.01.2014,8.0030,8.0200,8.0325,8.0000,-0.16%
28.01.2014,8.0157,7.9897,8.0310,7.9897,0.31%
27.01.2014,7.9908,7.9950,8.0110,7.9898,0.00%
24.01.2014,7.9908,7.9000,8.1310,7.9000,1.14%
23.01.2014,7.9010,7.1400,8.1010,7.1400,13.97%
22.01.2014,6.9325,6.8875,6.9325,6.8875,0.70%
21.01.2014,6.8845,6.8275,6.9010,6.8275,0.86%
20.01.2014,6.8255,6.7950,6.8260,6.7950,0.44%
17.01.2014,6.7955,6.7700,6.8160,6.7700,0.33%
16.01.2014,6.7730,6.7068,6.7785,6.7068,0.97%
15.01.2014,6.7080,6.7070,6.7110,6.7070,-0.00%
14.01.2014,6.7082,6.6928,6.7110,6.6928,0.21%
13.01.2014,6.6940,6.6570,6.6979,6.6570,0.53%
10.01.2014,6.6587,6.6250,6.6632,6.6250,0.50%
09.01.2014,6.6255,6.6035,6.6300,6.6035,0.31%
08.01.2014,6.6048,6.6000,6.6050,6.5973,0.09%
07.01.2014,6.5990,6.5940,6.6009,6.5925,0.09%
06.01.2014,6.5932,6.5540,6.5970,6.5540,0.58%
03.01.2014,6.5555,6.5439,6.5610,6.5439,0.16%
02.01.2014,6.5448,6.5199,6.5485,6.5199,0.41%
01.01.2014,6.5180,6.5170,6.5180,6.5170,0.00%
31.12.2013,6.5180,6.5170,6.5185,6.5170,-0.01%
30.12.2013,6.5187,6.4895,6.5291,6.4895,0.43%
27.12.2013,6.4905,6.4725,6.4960,6.4700,0.29%
26.12.2013,6.4715,6.4399,6.4809,6.4399,0.48%
25.12.2013,6.4405,6.4395,6.4405,6.4395,0.00%
24.12.2013,6.4405,6.4395,6.4410,6.4395,-0.01%
23.12.2013,6.4413,6.4239,6.4452,6.4239,0.28%
20.12.2013,6.4235,6.3970,6.4300,6.3970,0.42%
19.12.2013,6.3965,6.3760,6.4025,6.3759,0.33%
18.12.2013,6.3755,6.3319,6.3790,6.3310,0.71%
17.12.2013,6.3308,6.3140,6.3340,6.3139,0.28%
16.12.2013,6.3130,6.2889,6.3150,6.2889,0.37%
13.12.2013,6.2895,6.2800,6.2915,6.2769,0.19%
12.12.2013,6.2778,6.2769,6.2820,6.2750,0.04%
11.12.2013,6.2755,6.2675,6.2789,6.2650,0.20%
10.12.2013,6.2632,6.2472,6.2650,6.2472,0.24%
09.12.2013,6.2482,6.2409,6.2509,6.2375,0.12%
06.12.2013,6.2405,6.2250,6.2489,6.2250,0.28%
05.12.2013,6.2232,6.2000,6.2269,6.2000,0.43%
04.12.2013,6.1965,6.1959,6.2009,6.1940,0.29%
03.12.2013,6.1787,6.1569,6.1822,6.1569,0.38%
02.12.2013,6.1555,6.1389,6.1590,6.1389,0.24%
29.11.2013,6.1405,6.1325,6.1426,6.1275,0.29%
28.11.2013,6.1225,6.1150,6.1225,6.1150,0.24%
27.11.2013,6.1080,6.0949,6.1109,6.0949,0.23%
26.11.2013,6.0938,6.0795,6.0972,6.0795,0.22%
25.11.2013,6.0805,6.0797,6.0810,6.0795,-0.00%
22.11.2013,6.0808,6.0600,6.0840,6.0570,0.37%
21.11.2013,6.0582,6.0500,6.0610,6.0495,0.23%
20.11.2013,6.0445,6.0375,6.0535,6.0375,0.15%
19.11.2013,6.0355,6.0025,6.0410,6.0022,0.57%
18.11.2013,6.0015,5.9939,6.0035,5.9939,0.11%
15.11.2013,5.9948,5.9869,5.9950,5.9869,0.10%
14.11.2013,5.9888,5.9759,5.9910,5.9759,0.22%
13.11.2013,5.9758,5.9725,5.9780,5.9725,0.08%
12.11.2013,5.9708,5.9710,5.9750,5.9689,-0.01%
11.11.2013,5.9712,5.9675,5.9712,5.9675,0.12%
08.11.2013,5.9638,5.9419,5.9662,5.9419,0.35%
07.11.2013,5.9430,5.9549,5.9560,5.9200,-0.18%
06.11.2013,5.9535,5.9525,5.9550,5.9520,0.00%
05.11.2013,5.9535,5.9450,5.9585,5.9420,0.19%
04.11.2013,5.9425,5.9325,5.9439,5.9310,0.20%
01.11.2013,5.9305,5.9150,5.9310,5.9119,0.38%
31.10.2013,5.9082,5.9049,5.9129,5.9049,0.05%
30.10.2013,5.9055,5.8929,5.9089,5.8929,0.25%
29.10.2013,5.8908,5.8899,5.8949,5.8878,0.01%
28.10.2013,5.8900,5.8829,5.8945,5.8829,0.12%
25.10.2013,5.8830,5.8672,5.8860,5.8672,0.24%
24.10.2013,5.8688,5.8650,5.8712,5.8625,0.09%
23.10.2013,5.8637,5.8600,5.8651,5.8600,0.22%
22.10.2013,5.8508,5.8498,5.8508,5.8498,0.00%
21.10.2013,5.8508,5.8499,5.8539,5.8498,0.00%
18.10.2013,5.8508,5.8499,5.8540,5.8498,0.01%
17.10.2013,5.8505,5.8425,5.8515,5.8398,0.17%
16.10.2013,5.8408,5.8400,5.8429,5.8375,0.04%
15.10.2013,5.8386,5.8350,5.8410,5.8315,0.10%
14.10.2013,5.8325,5.8319,5.8329,5.8315,0.03%
11.10.2013,5.8308,5.8289,5.8340,5.8288,0.04%
10.10.2013,5.8282,5.8225,5.8309,5.8219,0.12%
09.10.2013,5.8210,5.8199,5.8239,5.8189,0.00%
08.10.2013,5.8208,5.8199,5.8230,5.8172,0.04%
07.10.2013,5.8183,5.8119,5.8210,5.8110,0.09%
04.10.2013,5.8130,5.8129,5.8160,5.8099,0.00%
03.10.2013,5.8130,5.8050,5.8148,5.8020,0.25%
02.10.2013,5.7985,5.7989,5.8040,5.7975,0.00%
01.10.2013,5.7985,5.7899,5.8010,5.7897,0.13%
30.09.2013,5.7908,5.7875,5.7930,5.7849,-0.03%
27.09.2013,5.7926,5.7797,5.7927,5.7797,0.20%
26.09.2013,5.7808,5.7725,5.7850,5.7700,0.17%
25.09.2013,5.7710,5.7700,5.7720,5.7700,-0.04%
24.09.2013,5.7732,5.7725,5.7735,5.7675,0.04%
23.09.2013,5.7708,5.7600,5.7750,5.7598,0.22%
20.09.2013,5.7582,5.7570,5.7610,5.7570,0.03%
19.09.2013,5.7562,5.7498,5.7613,5.7498,0.09%
18.09.2013,5.7513,5.7425,5.7532,5.7398,0.18%
17.09.2013,5.7412,5.7325,5.7432,5.7298,0.17%
16.09.2013,5.7313,5.7300,5.7332,5.7248,0.09%
13.09.2013,5.7263,5.7190,5.7283,5.7189,0.10%
12.09.2013,5.7208,5.7199,5.7210,5.7169,0.00%
11.09.2013,5.7208,5.7095,5.7220,5.7095,0.18%
10.09.2013,5.7108,5.7029,5.7130,5.7020,0.13%
09.09.2013,5.7032,5.6999,5.7059,5.6997,0.06%
06.09.2013,5.6998,5.6989,5.7050,5.6988,-0.00%
05.09.2013,5.7000,5.6999,5.7086,5.6989,-0.02%
04.09.2013,5.7012,5.6909,5.7031,5.6900,0.18%
03.09.2013,5.6908,5.6709,5.6939,5.6709,0.30%
02.09.2013,5.6735,5.6709,5.6735,5.6709,0.04%
30.08.2013,5.6713,5.6625,5.6732,5.6600,0.18%
29.08.2013,5.6610,5.6475,5.6639,5.6475,0.21%
28.08.2013,5.6493,5.6450,5.6526,5.6425,0.10%
27.08.2013,5.6435,5.6300,5.6469,5.6300,0.22%
26.08.2013,5.6310,5.6229,5.6339,5.6225,0.18%
23.08.2013,5.6210,5.6129,5.6249,5.6125,0.13%
22.08.2013,5.6137,5.6050,5.6161,5.6029,0.23%
21.08.2013,5.6010,5.5959,5.6049,5.5945,0.09%
20.08.2013,5.5958,5.5919,5.5989,5.5919,0.09%
19.08.2013,5.5908,5.5899,5.5909,5.5898,0.00%
16.08.2013,5.5908,5.5779,5.5919,5.5779,0.22%
15.08.2013,5.5783,5.5669,5.5810,5.5668,0.22%
14.08.2013,5.5658,5.5599,5.5700,5.5599,0.07%
13.08.2013,5.5618,5.5520,5.5630,5.5500,0.19%
12.08.2013,5.5510,5.5409,5.5529,5.5408,0.23%
09.08.2013,5.5380,5.5399,5.5449,5.5370,-0.01%
08.08.2013,5.5388,5.5300,5.5412,5.5300,0.20%
07.08.2013,5.5280,5.5275,5.5310,5.5245,0.03%
06.08.2013,5.5263,5.5209,5.5302,5.5207,0.09%
05.08.2013,5.5215,5.5139,5.5220,5.5138,0.11%
02.08.2013,5.5155,5.5070,5.5210,5.5070,0.14%
01.08.2013,5.5080,5.5049,5.5110,5.5040,0.03%
31.07.2013,5.5062,5.4970,5.5092,5.4970,0.15%
30.07.2013,5.4980,5.4929,5.5030,5.4929,0.13%
29.07.2013,5.4910,5.4788,5.4960,5.4788,0.20%
26.07.2013,5.4798,5.4749,5.4820,5.4749,0.02%
25.07.2013,5.4785,5.4595,5.4820,5.4595,0.33%
24.07.2013,5.4605,5.4599,5.4660,5.4595,0.01%
23.07.2013,5.4602,5.4625,5.4635,5.4592,-0.01%
22.07.2013,5.4605,5.4609,5.4650,5.4589,-0.01%
19.07.2013,5.4608,5.4500,5.4640,5.4490,0.22%
18.07.2013,5.4488,5.4400,5.4522,5.4400,0.19%
17.07.2013,5.4385,5.4349,5.4410,5.4349,0.09%
16.07.2013,5.4335,5.4289,5.4370,5.4289,0.09%
15.07.2013,5.4285,5.4229,5.4320,5.4229,0.06%
12.07.2013,5.4250,5.4189,5.4285,5.4180,0.17%
11.07.2013,5.4158,5.4150,5.4200,5.4128,0.04%
10.07.2013,5.4138,5.4048,5.4150,5.4048,0.12%
09.07.2013,5.4075,5.4065,5.4094,5.4050,-0.01%
08.07.2013,5.4078,5.4019,5.4090,5.4015,0.07%
05.07.2013,5.4038,5.3999,5.4072,5.3998,0.15%
04.07.2013,5.3958,5.3948,5.3958,5.3948,0.00%
03.07.2013,5.3958,5.3925,5.4010,5.3925,0.10%
02.07.2013,5.3905,5.3895,5.3950,5.3889,-0.01%
01.07.2013,5.3908,5.3869,5.3920,5.3865,0.08%
28.06.2013,5.3863,5.3745,5.3893,5.3745,0.20%
27.06.2013,5.3758,5.3699,5.3789,5.3699,0.12%
26.06.2013,5.3695,5.3619,5.3720,5.3619,0.15%
25.06.2013,5.3613,5.3625,5.3643,5.3600,0.01%
24.06.2013,5.3610,5.3479,5.3639,5.3470,0.24%
21.06.2013,5.3480,5.3470,5.3489,5.3470,0.00%
20.06.2013,5.3480,5.3470,5.3480,5.3470,-0.00%
19.06.2013,5.3482,5.3359,5.3500,5.3359,0.19%
18.06.2013,5.3380,5.3359,5.3420,5.3359,0.01%
17.06.2013,5.3376,5.3299,5.3390,5.3299,0.13%
14.06.2013,5.3305,5.3275,5.3326,5.3250,0.08%
13.06.2013,5.3262,5.3200,5.3293,5.3199,0.14%
12.06.2013,5.3185,5.3090,5.3200,5.3090,0.15%
11.06.2013,5.3105,5.3025,5.3125,5.3025,0.13%
10.06.2013,5.3035,5.2989,5.3090,5.2989,0.05%
07.06.2013,5.3008,5.2969,5.3020,5.2969,-0.01%
06.06.2013,5.3012,5.2899,5.3012,5.2888,0.21%
05.06.2013,5.2900,5.2899,5.2935,5.2888,-0.04%
04.06.2013,5.2920,5.2869,5.2930,5.2835,0.14%
03.06.2013,5.2845,5.2839,5.2900,5.2829,0.02%
31.05.2013,5.2835,5.2789,5.2850,5.2775,0.07%
30.05.2013,5.2800,5.2750,5.2811,5.2750,0.08%
29.05.2013,5.2760,5.2699,5.2780,5.2699,0.10%
28.05.2013,5.2705,5.2679,5.2716,5.2650,0.08%
27.05.2013,5.2662,5.2650,5.2673,5.2648,0.04%
24.05.2013,5.2640,5.2625,5.2690,5.2598,0.06%
23.05.2013,5.2610,5.2549,5.2639,5.2549,0.09%
22.05.2013,5.2565,5.2479,5.2570,5.2475,0.20%
21.05.2013,5.2460,5.2425,5.2500,5.2425,0.05%
20.05.2013,5.2435,5.2349,5.2460,5.2345,0.14%
17.05.2013,5.2360,5.2325,5.2371,5.2300,0.09%
16.05.2013,5.2313,5.2325,5.2363,5.2300,-0.03%
15.05.2013,5.2330,5.2340,5.2380,5.2320,-0.05%
14.05.2013,5.2358,5.2325,5.2370,5.2325,0.05%
13.05.2013,5.2332,5.2289,5.2340,5.2275,0.08%
10.05.2013,5.2290,5.2200,5.2290,5.2175,0.20%
09.05.2013,5.2185,5.2099,5.2219,5.2099,0.10%
08.05.2013,5.2135,5.2100,5.2159,5.2075,0.10%
07.05.2013,5.2085,5.2045,5.2110,5.2045,0.04%
06.05.2013,5.2062,5.1979,5.2101,5.1978,0.14%
03.05.2013,5.1988,5.1925,5.2002,5.1925,0.20%
02.05.2013,5.1885,5.1849,5.1939,5.1849,0.00%
01.05.2013,5.1885,5.1875,5.1885,5.1875,0.00%
30.04.2013,5.1885,5.1825,5.1885,5.1800,0.15%
29.04.2013,5.1808,5.1750,5.1810,5.1750,0.13%
26.04.2013,5.1740,5.1725,5.1790,5.1725,0.02%
25.04.2013,5.1732,5.1750,5.1790,5.1718,0.00%
24.04.2013,5.1730,5.1700,5.1770,5.1700,0.04%
23.04.2013,5.1710,5.1680,5.1730,5.1669,0.15%
22.04.2013,5.1635,5.1629,5.1690,5.1625,0.05%
19.04.2013,5.1610,5.1600,5.1649,5.1572,0.04%
18.04.2013,5.1587,5.1550,5.1587,5.1550,0.11%
17.04.2013,5.1530,5.1522,5.1580,5.1520,-0.00%
16.04.2013,5.1532,5.1518,5.1570,5.1518,0.00%
15.04.2013,5.1530,5.1500,5.1550,5.1490,0.14%
12.04.2013,5.1458,5.1425,5.1500,5.1425,0.08%
11.04.2013,5.1415,5.1425,5.1450,5.1390,0.03%
10.04.2013,5.1398,5.1350,5.1407,5.1350,0.06%
09.04.2013,5.1368,5.1328,5.1390,5.1325,0.02%
08.04.2013,5.1360,5.1348,5.1380,5.1325,0.00%
05.04.2013,5.1358,5.1322,5.1390,5.1300,0.05%
04.04.2013,5.1332,5.1300,5.1350,5.1300,0.03%
03.04.2013,5.1318,5.1225,5.1327,5.1195,0.22%
02.04.2013,5.1205,5.1195,5.1205,5.1195,0.00%
01.04.2013,5.1205,5.1200,5.1210,5.1195,-0.00%
29.03.2013,5.1206,5.1195,5.1206,5.1195,-0.00%
28.03.2013,5.1207,5.1205,5.1215,5.1197,-0.00%
27.03.2013,5.1208,5.1172,5.1250,5.1172,0.04%
26.03.2013,5.1185,5.1150,5.1210,5.1145,0.05%
25.03.2013,5.1160,5.1078,5.1180,5.1078,0.10%
22.03.2013,5.1110,5.0970,5.1130,5.0970,0.25%
21.03.2013,5.0982,5.0948,5.1030,5.0940,0.04%
20.03.2013,5.0962,5.0950,5.0962,5.0940,0.01%
19.03.2013,5.0955,5.0940,5.0970,5.0930,-0.01%
18.03.2013,5.0958,5.0925,5.0960,5.0920,0.12%
15.03.2013,5.0898,5.0840,5.0930,5.0840,0.08%
14.03.2013,5.0858,5.0800,5.0860,5.0772,0.13%
13.03.2013,5.0793,5.0740,5.0808,5.0740,0.06%
12.03.2013,5.0762,5.0710,5.0784,5.0710,0.04%
11.03.2013,5.0740,5.0645,5.0750,5.0640,0.15%
08.03.2013,5.0662,5.0605,5.0673,5.0590,0.09%
07.03.2013,5.0618,5.0600,5.0635,5.0590,0.04%
06.03.2013,5.0600,5.0550,5.0610,5.0540,0.08%
05.03.2013,5.0560,5.0550,5.0570,5.0520,0.05%
04.03.2013,5.0537,5.0475,5.0553,5.0470,0.16%
01.03.2013,5.0457,5.0440,5.0490,5.0440,0.00%
28.02.2013,5.0455,5.0425,5.0465,5.0390,0.09%
27.02.2013,5.0410,5.0340,5.0410,5.0340,0.08%
26.02.2013,5.0368,5.0350,5.0380,5.0325,0.08%
25.02.2013,5.0330,5.0270,5.0340,5.0267,0.09%
22.02.2013,5.0285,5.0275,5.0295,5.0270,-0.01%
21.02.2013,5.0290,5.0225,5.0310,5.0200,0.15%
20.02.2013,5.0217,5.0210,5.0218,5.0208,-0.01%
19.02.2013,5.0220,5.0125,5.0230,5.0125,0.21%
18.02.2013,5.0113,5.0100,5.0113,5.0100,-0.01%
15.02.2013,5.0120,5.0050,5.0120,5.0030,0.15%
14.02.2013,5.0045,5.0025,5.0085,5.0020,0.00%
13.02.2013,5.0045,4.9950,5.0055,4.9948,0.18%
12.02.2013,4.9955,4.9945,4.9960,4.9945,-0.01%
11.02.2013,4.9958,4.9950,4.9960,4.9948,-0.00%
08.02.2013,4.9960,4.9940,4.9985,4.9925,0.03%
07.02.2013,4.9945,4.9850,4.9955,4.9850,0.17%
06.02.2013,4.9860,4.9825,4.9880,4.9820,0.06%
05.02.2013,4.9832,4.9825,4.9837,4.9820,0.00%
04.02.2013,4.9830,4.9820,4.9835,4.9800,-0.06%
01.02.2013,4.9860,4.9800,4.9860,4.9760,0.16%
31.01.2013,4.9780,4.9770,4.9780,4.9750,0.00%
30.01.2013,4.9780,4.9725,4.9785,4.9725,0.14%
29.01.2013,4.9710,4.9700,4.9770,4.9690,0.00%
28.01.2013,4.9710,4.9610,4.9710,4.9610,0.18%
25.01.2013,4.9620,4.9610,4.9660,4.9610,-0.01%
24.01.2013,4.9625,4.9620,4.9645,4.9590,-0.03%
23.01.2013,4.9640,4.9550,4.9660,4.9550,0.16%
22.01.2013,4.9560,4.9575,4.9610,4.9550,0.02%
21.01.2013,4.9550,4.9500,4.9575,4.9500,0.10%
18.01.2013,4.9500,4.9475,4.9535,4.9470,0.02%
17.01.2013,4.9492,4.9475,4.9507,4.9470,0.02%
16.01.2013,4.9480,4.9475,4.9500,4.9460,-0.01%
15.01.2013,4.9485,4.9500,4.9525,4.9470,-0.05%
14.01.2013,4.9510,4.9420,4.9510,4.9420,0.22%
11.01.2013,4.9402,4.9375,4.9447,4.9370,0.03%
10.01.2013,4.9385,4.9375,4.9400,4.9340,0.07%
09.01.2013,4.9350,4.9325,4.9370,4.9300,0.10%
08.01.2013,4.9300,4.9290,4.9320,4.9260,0.03%
07.01.2013,4.9285,4.9250,4.9310,4.9240,0.05%
04.01.2013,4.9260,4.9250,4.9260,4.9230,0.05%
03.01.2013,4.9235,4.9225,4.9270,4.9225,-0.02%
02.01.2013,4.9243,4.9175,4.9243,4.9175,0.17%
01.01.2013,4.9160,4.9150,4.9160,4.9150,0.00%
31.12.2012,4.9160,4.9125,4.9185,4.9125,0.10%
28.12.2012,4.9110,4.9100,4.9140,4.9070,0.00%
27.12.2012,4.9110,4.9100,4.9135,4.9090,0.00%
26.12.2012,4.9110,4.9050,4.9120,4.9040,0.16%
25.12.2012,4.9030,4.9020,4.9030,4.9020,0.00%
24.12.2012,4.9030,4.9020,4.9030,4.9005,-0.01%
21.12.2012,4.9035,4.8970,4.9055,4.8970,0.15%
20.12.2012,4.8960,4.8950,4.9000,4.8940,-0.01%
19.12.2012,4.8963,4.8900,4.8963,4.8880,0.16%
18.12.2012,4.8885,4.8825,4.8890,4.8790,0.10%
17.12.2012,4.8835,4.8800,4.8840,4.8790,0.10%
14.12.2012,4.8785,4.8725,4.8785,4.8720,0.10%
13.12.2012,4.8737,4.8725,4.8763,4.8700,0.05%
12.12.2012,4.8712,4.8700,4.8737,4.8675,0.06%
11.12.2012,4.8685,4.8625,4.8690,4.8610,0.10%
10.12.2012,4.8637,4.8600,4.8643,4.8590,0.11%
07.12.2012,4.8585,4.8550,4.8635,4.8550,0.05%
06.12.2012,4.8563,4.8470,4.8587,4.8470,0.10%
05.12.2012,4.8515,4.8475,4.8515,4.8450,0.11%
04.12.2012,4.8462,4.8400,4.8483,4.8400,0.10%
03.12.2012,4.8413,4.8375,4.8422,4.8340,0.09%
30.11.2012,4.8370,4.8300,4.8380,4.8290,0.12%
29.11.2012,4.8312,4.8300,4.8323,4.8250,0.05%
28.11.2012,4.8287,4.8200,4.8287,4.8190,0.11%
27.11.2012,4.8235,4.8200,4.8240,4.8200,0.05%
26.11.2012,4.8210,4.8200,4.8210,4.8200,0.00%
23.11.2012,4.8210,4.8200,4.8250,4.8170,-0.01%
22.11.2012,4.8213,4.8200,4.8213,4.8200,0.16%
21.11.2012,4.8138,4.8050,4.8172,4.8050,0.16%
20.11.2012,4.8063,4.7990,4.8072,4.7990,0.05%
19.11.2012,4.8037,4.7970,4.8062,4.7970,0.09%
16.11.2012,4.7995,4.7925,4.8025,4.7920,0.12%
15.11.2012,4.7938,4.7850,4.7938,4.7850,0.22%
14.11.2012,4.7835,4.7810,4.7880,4.7810,0.00%
13.11.2012,4.7835,4.7800,4.7850,4.7790,0.07%
12.11.2012,4.7800,4.7775,4.7800,4.7775,0.15%
09.11.2012,4.7730,4.7725,4.7790,4.7720,0.00%
08.11.2012,4.7730,4.7690,4.7750,4.7690,0.04%
07.11.2012,4.7710,4.7700,4.7735,4.7680,-0.05%
06.11.2012,4.7735,4.7725,4.7735,4.7690,0.00%
05.11.2012,4.7735,4.7700,4.7750,4.7675,0.16%
02.11.2012,4.7660,4.7675,4.7710,4.7650,0.00%
01.11.2012,4.7660,4.7650,4.7710,4.7650,0.05%
31.10.2012,4.7635,4.7625,4.7690,4.7620,-0.00%
30.10.2012,4.7637,4.7540,4.7637,4.7540,0.21%
29.10.2012,4.7535,4.7525,4.7570,4.7525,0.05%
26.10.2012,4.7513,4.7520,4.7562,4.7475,0.06%
25.10.2012,4.7485,4.7475,4.7510,4.7475,-0.00%
24.10.2012,4.7487,4.7400,4.7487,4.7400,0.10%
23.10.2012,4.7438,4.7375,4.7443,4.7375,0.11%
22.10.2012,4.7385,4.7400,4.7435,4.7370,-0.00%
19.10.2012,4.7387,4.7350,4.7387,4.7330,0.10%
18.10.2012,4.7340,4.7300,4.7340,4.7300,0.06%
17.10.2012,4.7313,4.7100,4.7313,4.7100,0.00%
16.10.2012,4.7313,4.7275,4.7313,4.7275,0.11%
15.10.2012,4.7263,4.7200,4.7263,4.7200,0.11%
12.10.2012,4.7212,4.7200,4.7238,4.7200,0.05%
11.10.2012,4.7188,4.7150,4.7212,4.7150,0.11%
10.10.2012,4.7138,4.7125,4.7138,4.7125,0.06%
09.10.2012,4.7112,4.7100,4.7138,4.7100,0.06%
08.10.2012,4.7085,4.7075,4.7085,4.7075,-0.01%
05.10.2012,4.7088,4.7030,4.7093,4.7030,0.14%
04.10.2012,4.7020,4.7010,4.7050,4.7010,-0.01%
03.10.2012,4.7025,4.6975,4.7035,4.6975,0.14%
02.10.2012,4.6960,4.6975,4.7010,4.6950,-0.03%
01.10.2012,4.6975,4.6975,4.7025,4.6940,0.00%
28.09.2012,4.6975,4.6890,4.6985,4.6890,0.14%
27.09.2012,4.6910,4.6900,4.6920,4.6890,0.05%
26.09.2012,4.6888,4.6875,4.6913,4.6850,0.00%
25.09.2012,4.6888,4.6850,4.6903,4.6850,0.08%
24.09.2012,4.6850,4.6825,4.6865,4.6825,0.03%
21.09.2012,4.6835,4.6825,4.6860,4.6790,0.05%
20.09.2012,4.6813,4.6800,4.6832,4.6790,0.00%
19.09.2012,4.6813,4.6725,4.6813,4.6725,0.17%
18.09.2012,4.6735,4.6725,4.6770,4.6710,0.05%
17.09.2012,4.6710,4.6700,4.6750,4.6700,-0.01%
14.09.2012,4.6715,4.6600,4.6725,4.6600,0.23%
13.09.2012,4.6610,4.6600,4.6650,4.6590,0.00%
12.09.2012,4.6610,4.6575,4.6635,4.6575,0.00%
11.09.2012,4.6610,4.6600,4.6620,4.6570,0.00%
10.09.2012,4.6610,4.6600,4.6635,4.6575,-0.00%
07.09.2012,4.6612,4.6525,4.6612,4.6525,0.16%
06.09.2012,4.6538,4.6500,4.6562,4.6490,0.05%
05.09.2012,4.6513,4.6460,4.6513,4.6460,0.07%
04.09.2012,4.6480,4.6375,4.6500,4.6375,0.20%
03.09.2012,4.6387,4.6375,4.6387,4.6375,0.00%
31.08.2012,4.6387,4.6275,4.6392,4.6275,0.22%
30.08.2012,4.6285,4.6280,4.6330,4.6270,-0.01%
29.08.2012,4.6288,4.6300,4.6338,4.6275,-0.05%
28.08.2012,4.6310,4.6150,4.6340,4.6150,0.32%
27.08.2012,4.6160,4.6240,4.6250,4.6150,-0.21%
24.08.2012,4.6255,4.6150,4.6265,4.6150,0.21%
23.08.2012,4.6160,4.6150,4.6185,4.6150,0.00%
22.08.2012,4.6160,4.6140,4.6185,4.6140,-0.02%
21.08.2012,4.6170,4.6148,4.6200,4.6140,0.02%
20.08.2012,4.6160,4.6140,4.6164,4.6140,0.00%
17.08.2012,4.6160,4.6109,4.6180,4.6075,0.11%
16.08.2012,4.6110,4.6050,4.6110,4.6050,0.11%
15.08.2012,4.6060,4.6050,4.6090,4.6040,-0.02%
14.08.2012,4.6070,4.6050,4.6095,4.6020,0.06%
13.08.2012,4.6043,4.5970,4.6053,4.5970,0.14%
10.08.2012,4.5980,4.5972,4.6035,4.5970,-0.00%
09.08.2012,4.5982,4.5950,4.6010,4.5950,0.05%
08.08.2012,4.5960,4.5919,4.5984,4.5919,-0.01%
07.08.2012,4.5964,4.5875,4.5964,4.5875,0.17%
06.08.2012,4.5885,4.5889,4.5930,4.5840,-0.01%
03.08.2012,4.5890,4.5859,4.5890,4.5850,0.07%
02.08.2012,4.5860,4.5725,4.5861,4.5725,0.27%
01.08.2012,4.5735,4.5849,4.5859,4.5720,-0.25%
31.07.2012,4.5850,4.5725,4.5861,4.5725,0.24%
30.07.2012,4.5738,4.5725,4.5753,4.5720,0.00%
27.07.2012,4.5738,4.5748,4.5762,4.5720,-0.04%
26.07.2012,4.5758,4.5650,4.5759,4.5650,0.21%
25.07.2012,4.5660,4.5650,4.5739,4.5640,-0.15%
24.07.2012,4.5730,4.5625,4.5730,4.5625,0.21%
23.07.2012,4.5635,4.5600,4.5660,4.5600,-0.01%
20.07.2012,4.5640,4.5525,4.5641,4.5525,0.23%
19.07.2012,4.5535,4.5525,4.5585,4.5525,-0.05%
18.07.2012,4.5560,4.5475,4.5560,4.5470,0.16%
17.07.2012,4.5485,4.5479,4.5529,4.5450,0.05%
16.07.2012,4.5460,4.5459,4.5490,4.5425,0.00%
13.07.2012,4.5460,4.5400,4.5469,4.5400,0.11%
12.07.2012,4.5410,4.5345,4.5460,4.5345,0.12%
11.07.2012,4.5355,4.5379,4.5410,4.5325,-0.06%
10.07.2012,4.5380,4.5080,4.5380,4.5080,0.64%
09.07.2012,4.5090,4.5275,4.5359,4.5080,-0.57%
06.07.2012,4.5350,4.5275,4.5350,4.5249,0.13%
05.07.2012,4.5290,4.5239,4.5290,4.5225,0.12%
04.07.2012,4.5237,4.5245,4.5258,4.5118,-0.04%
03.07.2012,4.5255,4.5245,4.5260,4.5225,0.00%
02.07.2012,4.5255,4.5269,4.5279,4.4999,-0.03%
29.06.2012,4.5270,4.5205,4.5270,4.5145,0.12%
28.06.2012,4.5215,4.5129,4.5260,4.5025,0.14%
27.06.2012,4.5150,4.5040,4.5181,4.5000,0.22%
26.06.2012,4.5050,4.5119,4.5129,4.5020,-0.20%
25.06.2012,4.5140,4.5098,4.5161,4.5038,0.04%
22.06.2012,4.5120,4.5079,4.5140,4.5019,0.09%
21.06.2012,4.5080,4.4922,4.5080,4.4880,0.33%
20.06.2012,4.4932,4.5010,4.5040,4.4900,-0.03%
19.06.2012,4.4945,4.4944,4.5031,4.4844,-0.04%
18.06.2012,4.4965,4.4905,4.5031,4.4830,0.07%
15.06.2012,4.4935,4.4898,4.4990,4.4898,0.06%
14.06.2012,4.4908,4.4809,4.4980,4.4809,0.17%
13.06.2012,4.4830,4.4878,4.4901,4.4829,-0.13%
12.06.2012,4.4888,4.4850,4.4929,4.4840,-0.03%
11.06.2012,4.4900,4.4808,4.4920,4.4808,0.18%
08.06.2012,4.4818,4.4825,4.4879,4.4788,-0.03%
07.06.2012,4.4830,4.4825,4.4946,4.4780,-0.01%
06.06.2012,4.4835,4.4730,4.4930,4.4730,0.21%
05.06.2012,4.4740,4.4739,4.4780,4.4705,0.00%
04.06.2012,4.4740,4.4680,4.4740,4.4679,0.06%
01.06.2012,4.4712,4.4680,4.4742,4.4660,0.03%
31.05.2012,4.4700,4.4680,4.4740,4.4660,0.02%
30.05.2012,4.4690,4.4679,4.4719,4.4658,-0.02%
29.05.2012,4.4700,4.4655,4.4790,4.4620,0.08%
28.05.2012,4.4665,4.4655,4.4729,4.4635,0.00%
25.05.2012,4.4665,4.4658,4.4668,4.4635,-0.01%
24.05.2012,4.4668,4.4665,4.4730,4.4638,-0.05%
23.05.2012,4.4690,4.4650,4.4714,4.4558,0.03%
22.05.2012,4.4675,4.4628,4.4704,4.4558,0.06%
21.05.2012,4.4650,4.4505,4.4671,4.4505,0.16%
18.05.2012,4.4580,4.4489,4.4601,4.4480,0.16%
17.05.2012,4.4510,4.4450,4.4546,4.4410,0.08%
16.05.2012,4.4475,4.4425,4.4485,4.4380,0.09%
15.05.2012,4.4435,4.4370,4.4460,4.4350,0.03%
14.05.2012,4.4420,4.4375,4.4420,4.4350,0.08%
11.05.2012,4.4385,4.4375,4.4419,4.4330,-0.01%
10.05.2012,4.4390,4.4355,4.4431,4.4330,0.06%
09.05.2012,4.4365,4.4330,4.4430,4.4310,0.06%
08.05.2012,4.4340,4.4325,4.4389,4.4310,0.01%
07.05.2012,4.4335,4.4250,4.4360,4.4235,0.17%
04.05.2012,4.4260,4.4220,4.4300,4.4180,0.07%
03.05.2012,4.4230,4.4130,4.4300,4.4115,0.02%
02.05.2012,4.4223,4.4115,4.4272,4.4095,0.22%
01.05.2012,4.4125,4.4115,4.4165,4.4095,0.00%
30.04.2012,4.4125,4.4115,4.4165,4.4095,0.00%
27.04.2012,4.4125,4.4115,4.4170,4.4095,0.00%
26.04.2012,4.4125,4.4055,4.4175,4.4039,0.14%
25.04.2012,4.4065,4.4055,4.4160,4.4035,0.00%
24.04.2012,4.4065,4.4030,4.4140,4.4030,-0.02%
23.04.2012,4.4075,4.4028,4.4095,4.4010,0.06%
20.04.2012,4.4050,4.3950,4.4071,4.3950,0.20%
19.04.2012,4.3960,4.3950,4.4060,4.3930,-0.02%
18.04.2012,4.3970,4.3905,4.4031,4.3905,0.13%
17.04.2012,4.3915,4.3930,4.3990,4.3885,-0.06%
16.04.2012,4.3940,4.3920,4.3989,4.3859,0.02%
13.04.2012,4.3930,4.3917,4.3980,4.3879,-0.02%
12.04.2012,4.3940,4.3860,4.3961,4.3835,0.13%
11.04.2012,4.3885,4.3780,4.3891,4.3780,0.10%
10.04.2012,4.3840,4.3840,4.3870,4.3760,-0.02%
09.04.2012,4.3850,4.3835,4.3880,4.3800,0.01%
06.04.2012,4.3845,4.3835,4.3845,4.3835,0.00%
05.04.2012,4.3845,4.3857,4.3909,4.3815,-0.05%
04.04.2012,4.3867,4.3778,4.3890,4.3768,0.18%
03.04.2012,4.3788,4.3735,4.3840,4.3715,0.10%
02.04.2012,4.3745,4.3768,4.3799,4.3710,-0.10%
30.03.2012,4.3790,4.3720,4.3810,4.3690,0.14%
29.03.2012,4.3730,4.3720,4.3790,4.3700,-0.02%
28.03.2012,4.3740,4.3710,4.3761,4.3680,0.00%
27.03.2012,4.3740,4.3658,4.3741,4.3658,0.16%
26.03.2012,4.3668,4.3625,4.3720,4.3620,-0.05%
23.03.2012,4.3690,4.3625,4.3710,4.3605,0.07%
22.03.2012,4.3660,4.3625,4.3781,4.3590,-0.01%
21.03.2012,4.3665,4.3625,4.3705,4.3605,0.07%
20.03.2012,4.3635,4.3605,4.3659,4.3580,0.00%
19.03.2012,4.3635,4.3485,4.3675,4.3465,0.32%
16.03.2012,4.3495,4.3528,4.3585,4.3475,-0.10%
15.03.2012,4.3538,4.3505,4.3590,4.3460,0.05%
14.03.2012,4.3515,4.3452,4.3570,4.3430,0.12%
13.03.2012,4.3462,4.3450,4.3550,4.3409,0.00%
12.03.2012,4.3462,4.3378,4.3522,4.3357,0.17%
09.03.2012,4.3388,4.3348,4.3450,4.3348,0.07%
08.03.2012,4.3358,4.3350,4.3419,4.3320,-0.00%
07.03.2012,4.3360,4.3350,4.3405,4.3320,0.00%
06.03.2012,4.3360,4.3305,4.3405,4.3290,0.10%
05.03.2012,4.3315,4.3315,4.3380,4.3285,-0.06%
02.03.2012,4.3340,4.3450,4.3496,4.3305,-0.28%
01.03.2012,4.3460,4.3530,4.3581,4.3405,-0.18%
29.02.2012,4.3540,4.3530,4.3590,4.3505,-0.03%
28.02.2012,4.3555,4.3500,4.3591,4.3485,0.10%
27.02.2012,4.3510,4.3530,4.3570,4.3480,-0.08%
24.02.2012,4.3545,4.3305,4.3585,4.3305,0.00%
23.02.2012,4.3545,4.3518,4.3571,4.3503,0.04%
22.02.2012,4.3528,4.3510,4.3580,4.3485,0.02%
21.02.2012,4.3520,4.3510,4.3559,4.3510,0.00%
20.02.2012,4.3520,4.3485,4.3540,4.3465,-0.06%
17.02.2012,4.3545,4.3480,4.3584,4.3465,0.13%
16.02.2012,4.3490,4.3455,4.3560,4.3435,0.06%
15.02.2012,4.3465,4.3455,4.3519,4.3430,0.00%
14.02.2012,4.3465,4.3425,4.3510,4.3410,0.07%
13.02.2012,4.3435,4.3430,4.3499,4.3400,-0.03%
10.02.2012,4.3450,4.3408,4.3481,4.3393,0.07%
09.02.2012,4.3418,4.3355,4.3490,4.3340,0.12%
08.02.2012,4.3365,4.3379,4.3449,4.3335,0.00%
07.02.2012,4.3365,4.3325,4.3410,4.3305,0.07%
06.02.2012,4.3335,4.3300,4.3370,4.3299,0.06%
03.02.2012,4.3310,4.3329,4.3390,4.3280,-0.10%
02.02.2012,4.3355,4.3310,4.3375,4.3274,0.04%
01.02.2012,4.3338,4.3305,4.3386,4.3290,0.03%
31.01.2012,4.3325,4.3335,4.3390,4.3285,-0.05%
30.01.2012,4.3345,4.3305,4.3390,4.3300,-0.06%
27.01.2012,4.3370,4.3359,4.3399,4.3285,0.02%
26.01.2012,4.3360,4.3358,4.3401,4.3300,-0.02%
25.01.2012,4.3368,4.3315,4.3409,4.3305,0.06%
24.01.2012,4.3340,4.3255,4.3361,4.3235,0.17%
23.01.2012,4.3265,4.3158,4.3305,4.3143,0.13%
20.01.2012,4.3210,4.3158,4.3264,4.3143,0.10%
19.01.2012,4.3168,4.3135,4.3239,4.3120,0.05%
18.01.2012,4.3145,4.3110,4.3230,4.3095,0.01%
17.01.2012,4.3140,4.3100,4.3210,4.3099,0.07%
16.01.2012,4.3110,4.3100,4.3140,4.3080,0.00%
13.01.2012,4.3110,4.3098,4.3150,4.3080,0.00%
12.01.2012,4.3108,4.3119,4.3155,4.3060,-0.03%
11.01.2012,4.3120,4.3098,4.3160,4.3080,0.03%
10.01.2012,4.3108,4.3120,4.3180,4.3078,-0.05%
09.01.2012,4.3130,4.3130,4.3240,4.3100,-0.10%
06.01.2012,4.3175,4.3090,4.3205,4.3060,0.15%
05.01.2012,4.3110,4.3025,4.3134,4.3010,0.17%
04.01.2012,4.3035,4.3039,4.3080,4.2990,0.05%
03.01.2012,4.3015,4.3030,4.3100,4.2985,-0.06%
02.01.2012,4.3040,4.3020,4.3040,4.3005,0.02%
